student_email,session_id,points
aladdin.prince@davita.com,06316b2f-e07f-5229-a6cb-f4a570ee4233,5.0
aladdin.prince@davita.com,295dff96-fe7b-5594-a557-cfe3e05a1025,5.0
aladdin.prince@davita.com,346fee5e-a1fe-5bff-a1d0-d4ca20ad3a57,5.0
aladdin.prince@davita.com,43c20e5b-5bf2-5096-b183-77f5d3d599e1,5.0
aladdin.prince@davita.com,4796358f-bc27-5feb-a49c-ca6428bfffcc,5.0
aladdin.prince@davita.com,489e77d4-f469-5a69-b5e2-4266ed8c8ac1,5.0
aladdin.prince@davita.com,49434040-4b5c-5765-88c5-f8cb246fc876,5.0
aladdin.prince@davita.com,54329830-a177-562c-80fc-3879bed9dfaa,5.0
aladdin.prince@davita.com,6e5ea788-ca48-5084-87e2-05b2270b67d8,5.0
aladdin.prince@davita.com,82449b75-2ec9-5c9c-b98f-5873396fa900,5.0
aladdin.prince@davita.com,bcec7358-7563-55d5-9cac-3b0366a371d0,5.0
aladdin.prince@davita.com,cad9985f-a639-535b-bba4-8e36f52a1d3f,5.0
aladdin.prince@davita.com,f413cca2-4f3d-5037-adb2-2c66d385a760,5.0
anna.arendelle@adobe.com,06316b2f-e07f-5229-a6cb-f4a570ee4233,5.0
anna.arendelle@adobe.com,295dff96-fe7b-5594-a557-cfe3e05a1025,5.0
anna.arendelle@adobe.com,346fee5e-a1fe-5bff-a1d0-d4ca20ad3a57,5.0
anna.arendelle@adobe.com,43c20e5b-5bf2-5096-b183-77f5d3d599e1,5.0
anna.arendelle@adobe.com,4796358f-bc27-5feb-a49c-ca6428bfffcc,5.0
anna.arendelle@adobe.com,489e77d4-f469-5a69-b5e2-4266ed8c8ac1,0.0
anna.arendelle@adobe.com,49434040-4b5c-5765-88c5-f8cb246fc876,5.0
anna.arendelle@adobe.com,54329830-a177-562c-80fc-3879bed9dfaa,5.0
anna.arendelle@adobe.com,6e5ea788-ca48-5084-87e2-05b2270b67d8,5.0
anna.arendelle@adobe.com,82449b75-2ec9-5c9c-b98f-5873396fa900,2.5
anna.arendelle@adobe.com,bcec7358-7563-55d5-9cac-3b0366a371d0,5.0
anna.arendelle@adobe.com,cad9985f-a639-535b-bba4-8e36f52a1d3f,5.0
anna.arendelle@adobe.com,f413cca2-4f3d-5037-adb2-2c66d385a760,2.5
anna.arendelle@davita.com,06316b2f-e07f-5229-a6cb-f4a570ee4233,5.0
anna.arendelle@davita.com,295dff96-fe7b-5594-a557-cfe3e05a1025,5.0
anna.arendelle@davita.com,346fee5e-a1fe-5bff-a1d0-d4ca20ad3a57,5.0
anna.arendelle@davita.com,43c20e5b-5bf2-5096-b183-77f5d3d599e1,5.0
anna.arendelle@davita.com,4796358f-bc27-5feb-a49c-ca6428bfffcc,5.0
anna.arendelle@davita.com,489e77d4-f469-5a69-b5e2-4266ed8c8ac1,5.0
anna.arendelle@davita.com,49434040-4b5c-5765-88c5-f8cb246fc876,5.0
anna.arendelle@davita.com,54329830-a177-562c-80fc-3879bed9dfaa,5.0
anna.arendelle@davita.com,6e5ea788-ca48-5084-87e2-05b2270b67d8,5.0
anna.arendelle@davita.com,82449b75-2ec9-5c9c-b98f-5873396fa900,5.0
anna.arendelle@davita.com,bcec7358-7563-55d5-9cac-3b0366a371d0,5.0
anna.arendelle@davita.com,cad9985f-a639-535b-bba4-8e36f52a1d3f,5.0
anna.arendelle@davita.com,f413cca2-4f3d-5037-adb2-2c66d385a760,5.0
aragorn.elessar@guild.com,06316b2f-e07f-5229-a6cb-f4a570ee4233,2.5
aragorn.elessar@guild.com,295dff96-fe7b-5594-a557-cfe3e05a1025,5.0
aragorn.elessar@guild.com,346fee5e-a1fe-5bff-a1d0-d4ca20ad3a57,5.0
aragorn.elessar@guild.com,43c20e5b-5bf2-5096-b183-77f5d3d599e1,5.0
aragorn.elessar@guild.com,4796358f-bc27-5feb-a49c-ca6428bfffcc,5.0
aragorn.elessar@guild.com,489e77d4-f469-5a69-b5e2-4266ed8c8ac1,5.0
aragorn.elessar@guild.com,49434040-4b5c-5765-88c5-f8cb246fc876,2.5
aragorn.elessar@guild.com,54329830-a177-562c-80fc-3879bed9dfaa,5.0
aragorn.elessar@guild.com,6e5ea788-ca48-5084-87e2-05b2270b67d8,2.5
aragorn.elessar@guild.com,82449b75-2ec9-5c9c-b98f-5873396fa900,5.0
aragorn.elessar@guild.com,bcec7358-7563-55d5-9cac-3b0366a371d0,5.0
aragorn.elessar@guild.com,cad9985f-a639-535b-bba4-8e36f52a1d3f,5.0
aragorn.elessar@guild.com,f413cca2-4f3d-5037-adb2-2c66d385a760,5.0
ariel.triton@accenture.com,06316b2f-e07f-5229-a6cb-f4a570ee4233,5.0
ariel.triton@accenture.com,295dff96-fe7b-5594-a557-cfe3e05a1025,5.0
ariel.triton@accenture.com,346fee5e-a1fe-5bff-a1d0-d4ca20ad3a57,2.5
ariel.triton@accenture.com,43c20e5b-5bf2-5096-b183-77f5d3d599e1,5.0
ariel.triton@accenture.com,4796358f-bc27-5feb-a49c-ca6428bfffcc,5.0
ariel.triton@accenture.com,489e77d4-f469-5a69-b5e2-4266ed8c8ac1,5.0
ariel.triton@accenture.com,49434040-4b5c-5765-88c5-f8cb246fc876,5.0
ariel.triton@accenture.com,54329830-a177-562c-80fc-3879bed9dfaa,5.0
ariel.triton@accenture.com,6e5ea788-ca48-5084-87e2-05b2270b67d8,5.0
ariel.triton@accenture.com,82449b75-2ec9-5c9c-b98f-5873396fa900,5.0
ariel.triton@accenture.com,bcec7358-7563-55d5-9cac-3b0366a371d0,2.5
ariel.triton@accenture.com,cad9985f-a639-535b-bba4-8e36f52a1d3f,2.5
ariel.triton@accenture.com,f413cca2-4f3d-5037-adb2-2c66d385a760,5.0
ariel.triton@ima.com,06316b2f-e07f-5229-a6cb-f4a570ee4233,5.0
ariel.triton@ima.com,295dff96-fe7b-5594-a557-cfe3e05a1025,0.0
ariel.triton@ima.com,346fee5e-a1fe-5bff-a1d0-d4ca20ad3a57,5.0
ariel.triton@ima.com,43c20e5b-5bf2-5096-b183-77f5d3d599e1,5.0
ariel.triton@ima.com,4796358f-bc27-5feb-a49c-ca6428bfffcc,0.0
ariel.triton@ima.com,489e77d4-f469-5a69-b5e2-4266ed8c8ac1,2.5
ariel.triton@ima.com,49434040-4b5c-5765-88c5-f8cb246fc876,5.0
ariel.triton@ima.com,54329830-a177-562c-80fc-3879bed9dfaa,5.0
ariel.triton@ima.com,6e5ea788-ca48-5084-87e2-05b2270b67d8,2.5
ariel.triton@ima.com,82449b75-2ec9-5c9c-b98f-5873396fa900,2.5
ariel.triton@ima.com,bcec7358-7563-55d5-9cac-3b0366a371d0,5.0
ariel.triton@ima.com,cad9985f-a639-535b-bba4-8e36f52a1d3f,5.0
ariel.triton@ima.com,f413cca2-4f3d-5037-adb2-2c66d385a760,2.5
aurora.rose@guild.com,06316b2f-e07f-5229-a6cb-f4a570ee4233,5.0
aurora.rose@guild.com,295dff96-fe7b-5594-a557-cfe3e05a1025,5.0
aurora.rose@guild.com,346fee5e-a1fe-5bff-a1d0-d4ca20ad3a57,5.0
aurora.rose@guild.com,43c20e5b-5bf2-5096-b183-77f5d3d599e1,5.0
aurora.rose@guild.com,4796358f-bc27-5feb-a49c-ca6428bfffcc,5.0
aurora.rose@guild.com,489e77d4-f469-5a69-b5e2-4266ed8c8ac1,5.0
aurora.rose@guild.com,49434040-4b5c-5765-88c5-f8cb246fc876,5.0
aurora.rose@guild.com,54329830-a177-562c-80fc-3879bed9dfaa,5.0
aurora.rose@guild.com,6e5ea788-ca48-5084-87e2-05b2270b67d8,5.0
aurora.rose@guild.com,82449b75-2ec9-5c9c-b98f-5873396fa900,5.0
aurora.rose@guild.com,bcec7358-7563-55d5-9cac-3b0366a371d0,5.0
aurora.rose@guild.com,cad9985f-a639-535b-bba4-8e36f52a1d3f,5.0
aurora.rose@guild.com,f413cca2-4f3d-5037-adb2-2c66d385a760,5.0
belle.french@accenture.com,06316b2f-e07f-5229-a6cb-f4a570ee4233,5.0
belle.french@accenture.com,295dff96-fe7b-5594-a557-cfe3e05a1025,5.0
belle.french@accenture.com,346fee5e-a1fe-5bff-a1d0-d4ca20ad3a57,5.0
belle.french@accenture.com,43c20e5b-5bf2-5096-b183-77f5d3d599e1,5.0
belle.french@accenture.com,4796358f-bc27-5feb-a49c-ca6428bfffcc,5.0
belle.french@accenture.com,489e77d4-f469-5a69-b5e2-4266ed8c8ac1,5.0
belle.french@accenture.com,49434040-4b5c-5765-88c5-f8cb246fc876,5.0
belle.french@accenture.com,54329830-a177-562c-80fc-3879bed9dfaa,2.5
belle.french@accenture.com,6e5ea788-ca48-5084-87e2-05b2270b67d8,5.0
belle.french@accenture.com,82449b75-2ec9-5c9c-b98f-5873396fa900,5.0
belle.french@accenture.com,bcec7358-7563-55d5-9cac-3b0366a371d0,5.0
belle.french@accenture.com,cad9985f-a639-535b-bba4-8e36f52a1d3f,5.0
belle.french@accenture.com,f413cca2-4f3d-5037-adb2-2c66d385a760,5.0
bo.peep@adobe.com,06316b2f-e07f-5229-a6cb-f4a570ee4233,5.0
bo.peep@adobe.com,295dff96-fe7b-5594-a557-cfe3e05a1025,5.0
bo.peep@adobe.com,346fee5e-a1fe-5bff-a1d0-d4ca20ad3a57,5.0
bo.peep@adobe.com,43c20e5b-5bf2-5096-b183-77f5d3d599e1,0.0
bo.peep@adobe.com,4796358f-bc27-5feb-a49c-ca6428bfffcc,5.0
bo.peep@adobe.com,489e77d4-f469-5a69-b5e2-4266ed8c8ac1,5.0
bo.peep@adobe.com,49434040-4b5c-5765-88c5-f8cb246fc876,5.0
bo.peep@adobe.com,54329830-a177-562c-80fc-3879bed9dfaa,2.5
bo.peep@adobe.com,6e5ea788-ca48-5084-87e2-05b2270b67d8,5.0
bo.peep@adobe.com,82449b75-2ec9-5c9c-b98f-5873396fa900,5.0
bo.peep@adobe.com,bcec7358-7563-55d5-9cac-3b0366a371d0,5.0
bo.peep@adobe.com,cad9985f-a639-535b-bba4-8e36f52a1d3f,5.0
bo.peep@adobe.com,f413cca2-4f3d-5037-adb2-2c66d385a760,5.0
bo.peep@aws.com,06316b2f-e07f-5229-a6cb-f4a570ee4233,5.0
bo.peep@aws.com,295dff96-fe7b-5594-a557-cfe3e05a1025,5.0
bo.peep@aws.com,346fee5e-a1fe-5bff-a1d0-d4ca20ad3a57,5.0
bo.peep@aws.com,43c20e5b-5bf2-5096-b183-77f5d3d599e1,5.0
bo.peep@aws.com,4796358f-bc27-5feb-a49c-ca6428bfffcc,5.0
bo.peep@aws.com,489e77d4-f469-5a69-b5e2-4266ed8c8ac1,5.0
bo.peep@aws.com,49434040-4b5c-5765-88c5-f8cb246fc876,5.0
bo.peep@aws.com,54329830-a177-562c-80fc-3879bed9dfaa,5.0
bo.peep@aws.com,6e5ea788-ca48-5084-87e2-05b2270b67d8,5.0
bo.peep@aws.com,82449b75-2ec9-5c9c-b98f-5873396fa900,5.0
bo.peep@aws.com,bcec7358-7563-55d5-9cac-3b0366a371d0,5.0
bo.peep@aws.com,cad9985f-a639-535b-bba4-8e36f52a1d3f,5.0
bo.peep@aws.com,f413cca2-4f3d-5037-adb2-2c66d385a760,5.0
buzz.lightyear@accenture.com,06316b2f-e07f-5229-a6cb-f4a570ee4233,5.0
buzz.lightyear@accenture.com,295dff96-fe7b-5594-a557-cfe3e05a1025,5.0
buzz.lightyear@accenture.com,346fee5e-a1fe-5bff-a1d0-d4ca20ad3a57,5.0
buzz.lightyear@accenture.com,43c20e5b-5bf2-5096-b183-77f5d3d599e1,5.0
buzz.lightyear@accenture.com,4796358f-bc27-5feb-a49c-ca6428bfffcc,5.0
buzz.lightyear@accenture.com,489e77d4-f469-5a69-b5e2-4266ed8c8ac1,5.0
buzz.lightyear@accenture.com,49434040-4b5c-5765-88c5-f8cb246fc876,5.0
buzz.lightyear@accenture.com,54329830-a177-562c-80fc-3879bed9dfaa,5.0
buzz.lightyear@accenture.com,6e5ea788-ca48-5084-87e2-05b2270b67d8,5.0
buzz.lightyear@accenture.com,82449b75-2ec9-5c9c-b98f-5873396fa900,0.0
buzz.lightyear@accenture.com,bcec7358-7563-55d5-9cac-3b0366a371d0,5.0
buzz.lightyear@accenture.com,cad9985f-a639-535b-bba4-8e36f52a1d3f,5.0
buzz.lightyear@accenture.com,f413cca2-4f3d-5037-adb2-2c66d385a760,0.0
buzz.lightyear@adobe.com,06316b2f-e07f-5229-a6cb-f4a570ee4233,5.0
buzz.lightyear@adobe.com,295dff96-fe7b-5594-a557-cfe3e05a1025,0.0
buzz.lightyear@adobe.com,346fee5e-a1fe-5bff-a1d0-d4ca20ad3a57,5.0
buzz.lightyear@adobe.com,43c20e5b-5bf2-5096-b183-77f5d3d599e1,5.0
buzz.lightyear@adobe.com,4796358f-bc27-5feb-a49c-ca6428bfffcc,0.0
buzz.lightyear@adobe.com,489e77d4-f469-5a69-b5e2-4266ed8c8ac1,5.0
buzz.lightyear@adobe.com,49434040-4b5c-5765-88c5-f8cb246fc876,5.0
buzz.lightyear@adobe.com,54329830-a177-562c-80fc-3879bed9dfaa,5.0
buzz.lightyear@adobe.com,6e5ea788-ca48-5084-87e2-05b2270b67d8,5.0
buzz.lightyear@adobe.com,82449b75-2ec9-5c9c-b98f-5873396fa900,5.0
buzz.lightyear@adobe.com,bcec7358-7563-55d5-9cac-3b0366a371d0,5.0
buzz.lightyear@adobe.com,cad9985f-a639-535b-bba4-8e36f52a1d3f,5.0
buzz.lightyear@adobe.com,f413cca2-4f3d-5037-adb2-2c66d385a760,5.0
captain.hook@aws.com,06316b2f-e07f-5229-a6cb-f4a570ee4233,2.5
captain.hook@aws.com,295dff96-fe7b-5594-a557-cfe3e05a1025,5.0
captain.hook@aws.com,346fee5e-a1fe-5bff-a1d0-d4ca20ad3a57,5.0
captain.hook@aws.com,43c20e5b-5bf2-5096-b183-77f5d3d599e1,5.0
captain.hook@aws.com,4796358f-bc27-5feb-a49c-ca6428bfffcc,5.0
captain.hook@aws.com,489e77d4-f469-5a69-b5e2-4266ed8c8ac1,5.0
captain.hook@aws.com,49434040-4b5c-5765-88c5-f8cb246fc876,5.0
captain.hook@aws.com,54329830-a177-562c-80fc-3879bed9dfaa,5.0
captain.hook@aws.com,6e5ea788-ca48-5084-87e2-05b2270b67d8,5.0
captain.hook@aws.com,82449b75-2ec9-5c9c-b98f-5873396fa900,2.5
captain.hook@aws.com,bcec7358-7563-55d5-9cac-3b0366a371d0,5.0
captain.hook@aws.com,cad9985f-a639-535b-bba4-8e36f52a1d3f,5.0
captain.hook@aws.com,f413cca2-4f3d-5037-adb2-2c66d385a760,2.5
captain.hook@davita.com,06316b2f-e07f-5229-a6cb-f4a570ee4233,5.0
captain.hook@davita.com,295dff96-fe7b-5594-a557-cfe3e05a1025,5.0
captain.hook@davita.com,346fee5e-a1fe-5bff-a1d0-d4ca20ad3a57,0.0
captain.hook@davita.com,43c20e5b-5bf2-5096-b183-77f5d3d599e1,5.0
captain.hook@davita.com,4796358f-bc27-5feb-a49c-ca6428bfffcc,5.0
captain.hook@davita.com,489e77d4-f469-5a69-b5e2-4266ed8c8ac1,5.0
captain.hook@davita.com,49434040-4b5c-5765-88c5-f8cb246fc876,5.0
captain.hook@davita.com,54329830-a177-562c-80fc-3879bed9dfaa,5.0
captain.hook@davita.com,6e5ea788-ca48-5084-87e2-05b2270b67d8,5.0
captain.hook@davita.com,82449b75-2ec9-5c9c-b98f-5873396fa900,5.0
captain.hook@davita.com,bcec7358-7563-55d5-9cac-3b0366a371d0,5.0
captain.hook@davita.com,cad9985f-a639-535b-bba4-8e36f52a1d3f,5.0
captain.hook@davita.com,f413cca2-4f3d-5037-adb2-2c66d385a760,5.0
cinderella.charming@accenture.com,06316b2f-e07f-5229-a6cb-f4a570ee4233,5.0
cinderella.charming@accenture.com,295dff96-fe7b-5594-a557-cfe3e05a1025,5.0
cinderella.charming@accenture.com,346fee5e-a1fe-5bff-a1d0-d4ca20ad3a57,5.0
cinderella.charming@accenture.com,43c20e5b-5bf2-5096-b183-77f5d3d599e1,5.0
cinderella.charming@accenture.com,4796358f-bc27-5feb-a49c-ca6428bfffcc,5.0
cinderella.charming@accenture.com,489e77d4-f469-5a69-b5e2-4266ed8c8ac1,5.0
cinderella.charming@accenture.com,49434040-4b5c-5765-88c5-f8cb246fc876,5.0
cinderella.charming@accenture.com,54329830-a177-562c-80fc-3879bed9dfaa,2.5
cinderella.charming@accenture.com,6e5ea788-ca48-5084-87e2-05b2270b67d8,5.0
cinderella.charming@accenture.com,82449b75-2ec9-5c9c-b98f-5873396fa900,5.0
cinderella.charming@accenture.com,bcec7358-7563-55d5-9cac-3b0366a371d0,5.0
cinderella.charming@accenture.com,cad9985f-a639-535b-bba4-8e36f52a1d3f,5.0
cinderella.charming@accenture.com,f413cca2-4f3d-5037-adb2-2c66d385a760,5.0
cinderella.charming@salesforce.com,06316b2f-e07f-5229-a6cb-f4a570ee4233,5.0
cinderella.charming@salesforce.com,295dff96-fe7b-5594-a557-cfe3e05a1025,5.0
cinderella.charming@salesforce.com,346fee5e-a1fe-5bff-a1d0-d4ca20ad3a57,2.5
cinderella.charming@salesforce.com,43c20e5b-5bf2-5096-b183-77f5d3d599e1,5.0
cinderella.charming@salesforce.com,4796358f-bc27-5feb-a49c-ca6428bfffcc,5.0
cinderella.charming@salesforce.com,489e77d4-f469-5a69-b5e2-4266ed8c8ac1,5.0
cinderella.charming@salesforce.com,49434040-4b5c-5765-88c5-f8cb246fc876,5.0
cinderella.charming@salesforce.com,54329830-a177-562c-80fc-3879bed9dfaa,2.5
cinderella.charming@salesforce.com,6e5ea788-ca48-5084-87e2-05b2270b67d8,5.0
cinderella.charming@salesforce.com,82449b75-2ec9-5c9c-b98f-5873396fa900,2.5
cinderella.charming@salesforce.com,bcec7358-7563-55d5-9cac-3b0366a371d0,2.5
cinderella.charming@salesforce.com,cad9985f-a639-535b-bba4-8e36f52a1d3f,0.0
cinderella.charming@salesforce.com,f413cca2-4f3d-5037-adb2-2c66d385a760,2.5
daisy.duck@adobe.com,06316b2f-e07f-5229-a6cb-f4a570ee4233,5.0
daisy.duck@adobe.com,295dff96-fe7b-5594-a557-cfe3e05a1025,5.0
daisy.duck@adobe.com,346fee5e-a1fe-5bff-a1d0-d4ca20ad3a57,5.0
daisy.duck@adobe.com,43c20e5b-5bf2-5096-b183-77f5d3d599e1,5.0
daisy.duck@adobe.com,4796358f-bc27-5feb-a49c-ca6428bfffcc,5.0
daisy.duck@adobe.com,489e77d4-f469-5a69-b5e2-4266ed8c8ac1,2.5
daisy.duck@adobe.com,49434040-4b5c-5765-88c5-f8cb246fc876,5.0
daisy.duck@adobe.com,54329830-a177-562c-80fc-3879bed9dfaa,5.0
daisy.duck@adobe.com,6e5ea788-ca48-5084-87e2-05b2270b67d8,5.0
daisy.duck@adobe.com,82449b75-2ec9-5c9c-b98f-5873396fa900,5.0
daisy.duck@adobe.com,bcec7358-7563-55d5-9cac-3b0366a371d0,5.0
daisy.duck@adobe.com,cad9985f-a639-535b-bba4-8e36f52a1d3f,5.0
daisy.duck@adobe.com,f413cca2-4f3d-5037-adb2-2c66d385a760,5.0
daisy.duck@guild.com,06316b2f-e07f-5229-a6cb-f4a570ee4233,5.0
daisy.duck@guild.com,295dff96-fe7b-5594-a557-cfe3e05a1025,5.0
daisy.duck@guild.com,346fee5e-a1fe-5bff-a1d0-d4ca20ad3a57,5.0
daisy.duck@guild.com,43c20e5b-5bf2-5096-b183-77f5d3d599e1,5.0
daisy.duck@guild.com,4796358f-bc27-5feb-a49c-ca6428bfffcc,5.0
daisy.duck@guild.com,489e77d4-f469-5a69-b5e2-4266ed8c8ac1,5.0
daisy.duck@guild.com,49434040-4b5c-5765-88c5-f8cb246fc876,5.0
daisy.duck@guild.com,54329830-a177-562c-80fc-3879bed9dfaa,5.0
daisy.duck@guild.com,6e5ea788-ca48-5084-87e2-05b2270b67d8,5.0
daisy.duck@guild.com,82449b75-2ec9-5c9c-b98f-5873396fa900,5.0
daisy.duck@guild.com,bcec7358-7563-55d5-9cac-3b0366a371d0,5.0
daisy.duck@guild.com,cad9985f-a639-535b-bba4-8e36f52a1d3f,5.0
daisy.duck@guild.com,f413cca2-4f3d-5037-adb2-2c66d385a760,5.0
donald.duck@adobe.com,06316b2f-e07f-5229-a6cb-f4a570ee4233,5.0
donald.duck@adobe.com,295dff96-fe7b-5594-a557-cfe3e05a1025,0.0
donald.duck@adobe.com,346fee5e-a1fe-5bff-a1d0-d4ca20ad3a57,5.0
donald.duck@adobe.com,43c20e5b-5bf2-5096-b183-77f5d3d599e1,5.0
donald.duck@adobe.com,4796358f-bc27-5feb-a49c-ca6428bfffcc,0.0
donald.duck@adobe.com,489e77d4-f469-5a69-b5e2-4266ed8c8ac1,5.0
donald.duck@adobe.com,49434040-4b5c-5765-88c5-f8cb246fc876,0.0
donald.duck@adobe.com,54329830-a177-562c-80fc-3879bed9dfaa,5.0
donald.duck@adobe.com,6e5ea788-ca48-5084-87e2-05b2270b67d8,0.0
donald.duck@adobe.com,82449b75-2ec9-5c9c-b98f-5873396fa900,5.0
donald.duck@adobe.com,bcec7358-7563-55d5-9cac-3b0366a371d0,5.0
donald.duck@adobe.com,cad9985f-a639-535b-bba4-8e36f52a1d3f,5.0
donald.duck@adobe.com,f413cca2-4f3d-5037-adb2-2c66d385a760,5.0
elsa.arendelle@accenture.com,06316b2f-e07f-5229-a6cb-f4a570ee4233,5.0
elsa.arendelle@accenture.com,295dff96-fe7b-5594-a557-cfe3e05a1025,5.0
elsa.arendelle@accenture.com,346fee5e-a1fe-5bff-a1d0-d4ca20ad3a57,5.0
elsa.arendelle@accenture.com,43c20e5b-5bf2-5096-b183-77f5d3d599e1,5.0
elsa.arendelle@accenture.com,4796358f-bc27-5feb-a49c-ca6428bfffcc,5.0
elsa.arendelle@accenture.com,489e77d4-f469-5a69-b5e2-4266ed8c8ac1,5.0
elsa.arendelle@accenture.com,49434040-4b5c-5765-88c5-f8cb246fc876,5.0
elsa.arendelle@accenture.com,54329830-a177-562c-80fc-3879bed9dfaa,5.0
elsa.arendelle@accenture.com,6e5ea788-ca48-5084-87e2-05b2270b67d8,5.0
elsa.arendelle@accenture.com,82449b75-2ec9-5c9c-b98f-5873396fa900,5.0
elsa.arendelle@accenture.com,bcec7358-7563-55d5-9cac-3b0366a371d0,5.0
elsa.arendelle@accenture.com,cad9985f-a639-535b-bba4-8e36f52a1d3f,5.0
elsa.arendelle@accenture.com,f413cca2-4f3d-5037-adb2-2c66d385a760,5.0
elsa.arendelle@salesforce.com,06316b2f-e07f-5229-a6cb-f4a570ee4233,5.0
elsa.arendelle@salesforce.com,295dff96-fe7b-5594-a557-cfe3e05a1025,2.5
elsa.arendelle@salesforce.com,346fee5e-a1fe-5bff-a1d0-d4ca20ad3a57,5.0
elsa.arendelle@salesforce.com,43c20e5b-5bf2-5096-b183-77f5d3d599e1,5.0
elsa.arendelle@salesforce.com,4796358f-bc27-5feb-a49c-ca6428bfffcc,2.5
elsa.arendelle@salesforce.com,489e77d4-f469-5a69-b5e2-4266ed8c8ac1,5.0
elsa.arendelle@salesforce.com,49434040-4b5c-5765-88c5-f8cb246fc876,5.0
elsa.arendelle@salesforce.com,54329830-a177-562c-80fc-3879bed9dfaa,5.0
elsa.arendelle@salesforce.com,6e5ea788-ca48-5084-87e2-05b2270b67d8,5.0
elsa.arendelle@salesforce.com,82449b75-2ec9-5c9c-b98f-5873396fa900,5.0
elsa.arendelle@salesforce.com,bcec7358-7563-55d5-9cac-3b0366a371d0,5.0
elsa.arendelle@salesforce.com,cad9985f-a639-535b-bba4-8e36f52a1d3f,5.0
elsa.arendelle@salesforce.com,f413cca2-4f3d-5037-adb2-2c66d385a760,5.0
elsie.frozen@guild.com,06316b2f-e07f-5229-a6cb-f4a570ee4233,5.0
elsie.frozen@guild.com,295dff96-fe7b-5594-a557-cfe3e05a1025,5.0
elsie.frozen@guild.com,346fee5e-a1fe-5bff-a1d0-d4ca20ad3a57,5.0
elsie.frozen@guild.com,43c20e5b-5bf2-5096-b183-77f5d3d599e1,5.0
elsie.frozen@guild.com,4796358f-bc27-5feb-a49c-ca6428bfffcc,5.0
elsie.frozen@guild.com,489e77d4-f469-5a69-b5e2-4266ed8c8ac1,5.0
elsie.frozen@guild.com,49434040-4b5c-5765-88c5-f8cb246fc876,5.0
elsie.frozen@guild.com,54329830-a177-562c-80fc-3879bed9dfaa,0.0
elsie.frozen@guild.com,6e5ea788-ca48-5084-87e2-05b2270b67d8,5.0
elsie.frozen@guild.com,82449b75-2ec9-5c9c-b98f-5873396fa900,5.0
elsie.frozen@guild.com,bcec7358-7563-55d5-9cac-3b0366a371d0,5.0
elsie.frozen@guild.com,cad9985f-a639-535b-bba4-8e36f52a1d3f,5.0
elsie.frozen@guild.com,f413cca2-4f3d-5037-adb2-2c66d385a760,5.0
frodo.baggins2@adobe.com,06316b2f-e07f-5229-a6cb-f4a570ee4233,5.0
frodo.baggins2@adobe.com,295dff96-fe7b-5594-a557-cfe3e05a1025,5.0
frodo.baggins2@adobe.com,346fee5e-a1fe-5bff-a1d0-d4ca20ad3a57,5.0
frodo.baggins2@adobe.com,43c20e5b-5bf2-5096-b183-77f5d3d599e1,5.0
frodo.baggins2@adobe.com,4796358f-bc27-5feb-a49c-ca6428bfffcc,5.0
frodo.baggins2@adobe.com,489e77d4-f469-5a69-b5e2-4266ed8c8ac1,5.0
frodo.baggins2@adobe.com,49434040-4b5c-5765-88c5-f8cb246fc876,5.0
frodo.baggins2@adobe.com,54329830-a177-562c-80fc-3879bed9dfaa,5.0
frodo.baggins2@adobe.com,6e5ea788-ca48-5084-87e2-05b2270b67d8,5.0
frodo.baggins2@adobe.com,82449b75-2ec9-5c9c-b98f-5873396fa900,5.0
frodo.baggins2@adobe.com,bcec7358-7563-55d5-9cac-3b0366a371d0,5.0
frodo.baggins2@adobe.com,cad9985f-a639-535b-bba4-8e36f52a1d3f,5.0
frodo.baggins2@adobe.com,f413cca2-4f3d-5037-adb2-2c66d385a760,5.0
frodo.baggins@adobe.com,06316b2f-e07f-5229-a6cb-f4a570ee4233,5.0
frodo.baggins@adobe.com,295dff96-fe7b-5594-a557-cfe3e05a1025,5.0
frodo.baggins@adobe.com,346fee5e-a1fe-5bff-a1d0-d4ca20ad3a57,5.0
frodo.baggins@adobe.com,43c20e5b-5bf2-5096-b183-77f5d3d599e1,0.0
frodo.baggins@adobe.com,4796358f-bc27-5feb-a49c-ca6428bfffcc,5.0
frodo.baggins@adobe.com,489e77d4-f469-5a69-b5e2-4266ed8c8ac1,5.0
frodo.baggins@adobe.com,49434040-4b5c-5765-88c5-f8cb246fc876,5.0
frodo.baggins@adobe.com,54329830-a177-562c-80fc-3879bed9dfaa,5.0
frodo.baggins@adobe.com,6e5ea788-ca48-5084-87e2-05b2270b67d8,5.0
frodo.baggins@adobe.com,82449b75-2ec9-5c9c-b98f-5873396fa900,5.0
frodo.baggins@adobe.com,bcec7358-7563-55d5-9cac-3b0366a371d0,5.0
frodo.baggins@adobe.com,cad9985f-a639-535b-bba4-8e36f52a1d3f,5.0
frodo.baggins@adobe.com,f413cca2-4f3d-5037-adb2-2c66d385a760,5.0
gandalf.grey@aws.com,06316b2f-e07f-5229-a6cb-f4a570ee4233,5.0
gandalf.grey@aws.com,295dff96-fe7b-5594-a557-cfe3e05a1025,5.0
gandalf.grey@aws.com,346fee5e-a1fe-5bff-a1d0-d4ca20ad3a57,5.0
gandalf.grey@aws.com,43c20e5b-5bf2-5096-b183-77f5d3d599e1,5.0
gandalf.grey@aws.com,4796358f-bc27-5feb-a49c-ca6428bfffcc,5.0
gandalf.grey@aws.com,489e77d4-f469-5a69-b5e2-4266ed8c8ac1,5.0
gandalf.grey@aws.com,49434040-4b5c-5765-88c5-f8cb246fc876,0.0
gandalf.grey@aws.com,54329830-a177-562c-80fc-3879bed9dfaa,5.0
gandalf.grey@aws.com,6e5ea788-ca48-5084-87e2-05b2270b67d8,0.0
gandalf.grey@aws.com,82449b75-2ec9-5c9c-b98f-5873396fa900,5.0
gandalf.grey@aws.com,bcec7358-7563-55d5-9cac-3b0366a371d0,5.0
gandalf.grey@aws.com,cad9985f-a639-535b-bba4-8e36f52a1d3f,5.0
gandalf.grey@aws.com,f413cca2-4f3d-5037-adb2-2c66d385a760,5.0
goofy.goof@davita.com,06316b2f-e07f-5229-a6cb-f4a570ee4233,5.0
goofy.goof@davita.com,295dff96-fe7b-5594-a557-cfe3e05a1025,5.0
goofy.goof@davita.com,346fee5e-a1fe-5bff-a1d0-d4ca20ad3a57,5.0
goofy.goof@davita.com,43c20e5b-5bf2-5096-b183-77f5d3d599e1,5.0
goofy.goof@davita.com,4796358f-bc27-5feb-a49c-ca6428bfffcc,5.0
goofy.goof@davita.com,489e77d4-f469-5a69-b5e2-4266ed8c8ac1,5.0
goofy.goof@davita.com,49434040-4b5c-5765-88c5-f8cb246fc876,5.0
goofy.goof@davita.com,54329830-a177-562c-80fc-3879bed9dfaa,5.0
goofy.goof@davita.com,6e5ea788-ca48-5084-87e2-05b2270b67d8,5.0
goofy.goof@davita.com,82449b75-2ec9-5c9c-b98f-5873396fa900,5.0
goofy.goof@davita.com,bcec7358-7563-55d5-9cac-3b0366a371d0,5.0
goofy.goof@davita.com,cad9985f-a639-535b-bba4-8e36f52a1d3f,5.0
goofy.goof@davita.com,f413cca2-4f3d-5037-adb2-2c66d385a760,5.0
goofy.goof@ima.com,06316b2f-e07f-5229-a6cb-f4a570ee4233,5.0
goofy.goof@ima.com,295dff96-fe7b-5594-a557-cfe3e05a1025,5.0
goofy.goof@ima.com,346fee5e-a1fe-5bff-a1d0-d4ca20ad3a57,5.0
goofy.goof@ima.com,43c20e5b-5bf2-5096-b183-77f5d3d599e1,0.0
goofy.goof@ima.com,4796358f-bc27-5feb-a49c-ca6428bfffcc,5.0
goofy.goof@ima.com,489e77d4-f469-5a69-b5e2-4266ed8c8ac1,5.0
goofy.goof@ima.com,49434040-4b5c-5765-88c5-f8cb246fc876,5.0
goofy.goof@ima.com,54329830-a177-562c-80fc-3879bed9dfaa,5.0
goofy.goof@ima.com,6e5ea788-ca48-5084-87e2-05b2270b67d8,5.0
goofy.goof@ima.com,82449b75-2ec9-5c9c-b98f-5873396fa900,5.0
goofy.goof@ima.com,bcec7358-7563-55d5-9cac-3b0366a371d0,5.0
goofy.goof@ima.com,cad9985f-a639-535b-bba4-8e36f52a1d3f,5.0
goofy.goof@ima.com,f413cca2-4f3d-5037-adb2-2c66d385a760,5.0
harry.potter@davita.com,06316b2f-e07f-5229-a6cb-f4a570ee4233,5.0
harry.potter@davita.com,295dff96-fe7b-5594-a557-cfe3e05a1025,5.0
harry.potter@davita.com,346fee5e-a1fe-5bff-a1d0-d4ca20ad3a57,5.0
harry.potter@davita.com,43c20e5b-5bf2-5096-b183-77f5d3d599e1,0.0
harry.potter@davita.com,4796358f-bc27-5feb-a49c-ca6428bfffcc,5.0
harry.potter@davita.com,489e77d4-f469-5a69-b5e2-4266ed8c8ac1,5.0
harry.potter@davita.com,49434040-4b5c-5765-88c5-f8cb246fc876,5.0
harry.potter@davita.com,54329830-a177-562c-80fc-3879bed9dfaa,5.0
harry.potter@davita.com,6e5ea788-ca48-5084-87e2-05b2270b67d8,5.0
harry.potter@davita.com,82449b75-2ec9-5c9c-b98f-5873396fa900,5.0
harry.potter@davita.com,bcec7358-7563-55d5-9cac-3b0366a371d0,5.0
harry.potter@davita.com,cad9985f-a639-535b-bba4-8e36f52a1d3f,2.5
harry.potter@davita.com,f413cca2-4f3d-5037-adb2-2c66d385a760,5.0
harry.potter@jfg.com,06316b2f-e07f-5229-a6cb-f4a570ee4233,5.0
harry.potter@jfg.com,295dff96-fe7b-5594-a557-cfe3e05a1025,5.0
harry.potter@jfg.com,346fee5e-a1fe-5bff-a1d0-d4ca20ad3a57,5.0
harry.potter@jfg.com,43c20e5b-5bf2-5096-b183-77f5d3d599e1,5.0
harry.potter@jfg.com,4796358f-bc27-5feb-a49c-ca6428bfffcc,5.0
harry.potter@jfg.com,489e77d4-f469-5a69-b5e2-4266ed8c8ac1,5.0
harry.potter@jfg.com,49434040-4b5c-5765-88c5-f8cb246fc876,5.0
harry.potter@jfg.com,54329830-a177-562c-80fc-3879bed9dfaa,5.0
harry.potter@jfg.com,6e5ea788-ca48-5084-87e2-05b2270b67d8,5.0
harry.potter@jfg.com,82449b75-2ec9-5c9c-b98f-5873396fa900,5.0
harry.potter@jfg.com,bcec7358-7563-55d5-9cac-3b0366a371d0,5.0
harry.potter@jfg.com,cad9985f-a639-535b-bba4-8e36f52a1d3f,5.0
harry.potter@jfg.com,f413cca2-4f3d-5037-adb2-2c66d385a760,5.0
hermione.granger@accenture.com,06316b2f-e07f-5229-a6cb-f4a570ee4233,5.0
hermione.granger@accenture.com,295dff96-fe7b-5594-a557-cfe3e05a1025,5.0
hermione.granger@accenture.com,346fee5e-a1fe-5bff-a1d0-d4ca20ad3a57,5.0
hermione.granger@accenture.com,43c20e5b-5bf2-5096-b183-77f5d3d599e1,5.0
hermione.granger@accenture.com,4796358f-bc27-5feb-a49c-ca6428bfffcc,5.0
hermione.granger@accenture.com,489e77d4-f469-5a69-b5e2-4266ed8c8ac1,5.0
hermione.granger@accenture.com,49434040-4b5c-5765-88c5-f8cb246fc876,5.0
hermione.granger@accenture.com,54329830-a177-562c-80fc-3879bed9dfaa,5.0
hermione.granger@accenture.com,6e5ea788-ca48-5084-87e2-05b2270b67d8,5.0
hermione.granger@accenture.com,82449b75-2ec9-5c9c-b98f-5873396fa900,5.0
hermione.granger@accenture.com,bcec7358-7563-55d5-9cac-3b0366a371d0,5.0
hermione.granger@accenture.com,cad9985f-a639-535b-bba4-8e36f52a1d3f,5.0
hermione.granger@accenture.com,f413cca2-4f3d-5037-adb2-2c66d385a760,5.0
jasmine.agrabah@accenture.com,06316b2f-e07f-5229-a6cb-f4a570ee4233,2.5
jasmine.agrabah@accenture.com,295dff96-fe7b-5594-a557-cfe3e05a1025,5.0
jasmine.agrabah@accenture.com,346fee5e-a1fe-5bff-a1d0-d4ca20ad3a57,5.0
jasmine.agrabah@accenture.com,43c20e5b-5bf2-5096-b183-77f5d3d599e1,5.0
jasmine.agrabah@accenture.com,4796358f-bc27-5feb-a49c-ca6428bfffcc,5.0
jasmine.agrabah@accenture.com,489e77d4-f469-5a69-b5e2-4266ed8c8ac1,5.0
jasmine.agrabah@accenture.com,49434040-4b5c-5765-88c5-f8cb246fc876,5.0
jasmine.agrabah@accenture.com,54329830-a177-562c-80fc-3879bed9dfaa,5.0
jasmine.agrabah@accenture.com,6e5ea788-ca48-5084-87e2-05b2270b67d8,5.0
jasmine.agrabah@accenture.com,82449b75-2ec9-5c9c-b98f-5873396fa900,5.0
jasmine.agrabah@accenture.com,bcec7358-7563-55d5-9cac-3b0366a371d0,5.0
jasmine.agrabah@accenture.com,cad9985f-a639-535b-bba4-8e36f52a1d3f,5.0
jasmine.agrabah@accenture.com,f413cca2-4f3d-5037-adb2-2c66d385a760,5.0
jasmine.agrabah@salesforce.com,06316b2f-e07f-5229-a6cb-f4a570ee4233,5.0
jasmine.agrabah@salesforce.com,295dff96-fe7b-5594-a557-cfe3e05a1025,5.0
jasmine.agrabah@salesforce.com,346fee5e-a1fe-5bff-a1d0-d4ca20ad3a57,5.0
jasmine.agrabah@salesforce.com,43c20e5b-5bf2-5096-b183-77f5d3d599e1,5.0
jasmine.agrabah@salesforce.com,4796358f-bc27-5feb-a49c-ca6428bfffcc,5.0
jasmine.agrabah@salesforce.com,489e77d4-f469-5a69-b5e2-4266ed8c8ac1,5.0
jasmine.agrabah@salesforce.com,49434040-4b5c-5765-88c5-f8cb246fc876,5.0
jasmine.agrabah@salesforce.com,54329830-a177-562c-80fc-3879bed9dfaa,5.0
jasmine.agrabah@salesforce.com,6e5ea788-ca48-5084-87e2-05b2270b67d8,2.5
jasmine.agrabah@salesforce.com,82449b75-2ec9-5c9c-b98f-5873396fa900,2.5
jasmine.agrabah@salesforce.com,bcec7358-7563-55d5-9cac-3b0366a371d0,5.0
jasmine.agrabah@salesforce.com,cad9985f-a639-535b-bba4-8e36f52a1d3f,5.0
jasmine.agrabah@salesforce.com,f413cca2-4f3d-5037-adb2-2c66d385a760,2.5
jessie.cowgirl@accenture.com,06316b2f-e07f-5229-a6cb-f4a570ee4233,5.0
jessie.cowgirl@accenture.com,295dff96-fe7b-5594-a557-cfe3e05a1025,5.0
jessie.cowgirl@accenture.com,346fee5e-a1fe-5bff-a1d0-d4ca20ad3a57,5.0
jessie.cowgirl@accenture.com,43c20e5b-5bf2-5096-b183-77f5d3d599e1,5.0
jessie.cowgirl@accenture.com,4796358f-bc27-5feb-a49c-ca6428bfffcc,5.0
jessie.cowgirl@accenture.com,489e77d4-f469-5a69-b5e2-4266ed8c8ac1,5.0
jessie.cowgirl@accenture.com,49434040-4b5c-5765-88c5-f8cb246fc876,5.0
jessie.cowgirl@accenture.com,54329830-a177-562c-80fc-3879bed9dfaa,5.0
jessie.cowgirl@accenture.com,6e5ea788-ca48-5084-87e2-05b2270b67d8,5.0
jessie.cowgirl@accenture.com,82449b75-2ec9-5c9c-b98f-5873396fa900,2.5
jessie.cowgirl@accenture.com,bcec7358-7563-55d5-9cac-3b0366a371d0,5.0
jessie.cowgirl@accenture.com,cad9985f-a639-535b-bba4-8e36f52a1d3f,5.0
jessie.cowgirl@accenture.com,f413cca2-4f3d-5037-adb2-2c66d385a760,2.5
jessie.cowgirl@guild.com,06316b2f-e07f-5229-a6cb-f4a570ee4233,5.0
jessie.cowgirl@guild.com,295dff96-fe7b-5594-a557-cfe3e05a1025,5.0
jessie.cowgirl@guild.com,346fee5e-a1fe-5bff-a1d0-d4ca20ad3a57,5.0
jessie.cowgirl@guild.com,43c20e5b-5bf2-5096-b183-77f5d3d599e1,2.5
jessie.cowgirl@guild.com,4796358f-bc27-5feb-a49c-ca6428bfffcc,5.0
jessie.cowgirl@guild.com,489e77d4-f469-5a69-b5e2-4266ed8c8ac1,5.0
jessie.cowgirl@guild.com,49434040-4b5c-5765-88c5-f8cb246fc876,2.5
jessie.cowgirl@guild.com,54329830-a177-562c-80fc-3879bed9dfaa,5.0
jessie.cowgirl@guild.com,6e5ea788-ca48-5084-87e2-05b2270b67d8,2.5
jessie.cowgirl@guild.com,82449b75-2ec9-5c9c-b98f-5873396fa900,5.0
jessie.cowgirl@guild.com,bcec7358-7563-55d5-9cac-3b0366a371d0,5.0
jessie.cowgirl@guild.com,cad9985f-a639-535b-bba4-8e36f52a1d3f,5.0
jessie.cowgirl@guild.com,f413cca2-4f3d-5037-adb2-2c66d385a760,5.0
kristoff.bjorgman@adobe.com,06316b2f-e07f-5229-a6cb-f4a570ee4233,5.0
kristoff.bjorgman@adobe.com,295dff96-fe7b-5594-a557-cfe3e05a1025,5.0
kristoff.bjorgman@adobe.com,346fee5e-a1fe-5bff-a1d0-d4ca20ad3a57,2.5
kristoff.bjorgman@adobe.com,43c20e5b-5bf2-5096-b183-77f5d3d599e1,5.0
kristoff.bjorgman@adobe.com,4796358f-bc27-5feb-a49c-ca6428bfffcc,5.0
kristoff.bjorgman@adobe.com,489e77d4-f469-5a69-b5e2-4266ed8c8ac1,5.0
kristoff.bjorgman@adobe.com,49434040-4b5c-5765-88c5-f8cb246fc876,5.0
kristoff.bjorgman@adobe.com,54329830-a177-562c-80fc-3879bed9dfaa,5.0
kristoff.bjorgman@adobe.com,6e5ea788-ca48-5084-87e2-05b2270b67d8,5.0
kristoff.bjorgman@adobe.com,82449b75-2ec9-5c9c-b98f-5873396fa900,5.0
kristoff.bjorgman@adobe.com,bcec7358-7563-55d5-9cac-3b0366a371d0,2.5
kristoff.bjorgman@adobe.com,cad9985f-a639-535b-bba4-8e36f52a1d3f,2.5
kristoff.bjorgman@adobe.com,f413cca2-4f3d-5037-adb2-2c66d385a760,5.0
kristoff.bjorgman@ima.com,06316b2f-e07f-5229-a6cb-f4a570ee4233,5.0
kristoff.bjorgman@ima.com,295dff96-fe7b-5594-a557-cfe3e05a1025,5.0
kristoff.bjorgman@ima.com,346fee5e-a1fe-5bff-a1d0-d4ca20ad3a57,5.0
kristoff.bjorgman@ima.com,43c20e5b-5bf2-5096-b183-77f5d3d599e1,5.0
kristoff.bjorgman@ima.com,4796358f-bc27-5feb-a49c-ca6428bfffcc,5.0
kristoff.bjorgman@ima.com,489e77d4-f469-5a69-b5e2-4266ed8c8ac1,5.0
kristoff.bjorgman@ima.com,49434040-4b5c-5765-88c5-f8cb246fc876,5.0
kristoff.bjorgman@ima.com,54329830-a177-562c-80fc-3879bed9dfaa,5.0
kristoff.bjorgman@ima.com,6e5ea788-ca48-5084-87e2-05b2270b67d8,5.0
kristoff.bjorgman@ima.com,82449b75-2ec9-5c9c-b98f-5873396fa900,2.5
kristoff.bjorgman@ima.com,bcec7358-7563-55d5-9cac-3b0366a371d0,5.0
kristoff.bjorgman@ima.com,cad9985f-a639-535b-bba4-8e36f52a1d3f,5.0
kristoff.bjorgman@ima.com,f413cca2-4f3d-5037-adb2-2c66d385a760,2.5
legolas.greenleaf@salesforce.com,06316b2f-e07f-5229-a6cb-f4a570ee4233,5.0
legolas.greenleaf@salesforce.com,295dff96-fe7b-5594-a557-cfe3e05a1025,5.0
legolas.greenleaf@salesforce.com,346fee5e-a1fe-5bff-a1d0-d4ca20ad3a57,0.0
legolas.greenleaf@salesforce.com,43c20e5b-5bf2-5096-b183-77f5d3d599e1,5.0
legolas.greenleaf@salesforce.com,4796358f-bc27-5feb-a49c-ca6428bfffcc,5.0
legolas.greenleaf@salesforce.com,489e77d4-f469-5a69-b5e2-4266ed8c8ac1,5.0
legolas.greenleaf@salesforce.com,49434040-4b5c-5765-88c5-f8cb246fc876,5.0
legolas.greenleaf@salesforce.com,54329830-a177-562c-80fc-3879bed9dfaa,5.0
legolas.greenleaf@salesforce.com,6e5ea788-ca48-5084-87e2-05b2270b67d8,5.0
legolas.greenleaf@salesforce.com,82449b75-2ec9-5c9c-b98f-5873396fa900,5.0
legolas.greenleaf@salesforce.com,bcec7358-7563-55d5-9cac-3b0366a371d0,0.0
legolas.greenleaf@salesforce.com,cad9985f-a639-535b-bba4-8e36f52a1d3f,0.0
legolas.greenleaf@salesforce.com,f413cca2-4f3d-5037-adb2-2c66d385a760,5.0
luna.lovegood@accenture.com,06316b2f-e07f-5229-a6cb-f4a570ee4233,5.0
luna.lovegood@accenture.com,295dff96-fe7b-5594-a557-cfe3e05a1025,5.0
luna.lovegood@accenture.com,346fee5e-a1fe-5bff-a1d0-d4ca20ad3a57,5.0
luna.lovegood@accenture.com,43c20e5b-5bf2-5096-b183-77f5d3d599e1,5.0
luna.lovegood@accenture.com,4796358f-bc27-5feb-a49c-ca6428bfffcc,5.0
luna.lovegood@accenture.com,489e77d4-f469-5a69-b5e2-4266ed8c8ac1,5.0
luna.lovegood@accenture.com,49434040-4b5c-5765-88c5-f8cb246fc876,5.0
luna.lovegood@accenture.com,54329830-a177-562c-80fc-3879bed9dfaa,5.0
luna.lovegood@accenture.com,6e5ea788-ca48-5084-87e2-05b2270b67d8,5.0
luna.lovegood@accenture.com,82449b75-2ec9-5c9c-b98f-5873396fa900,5.0
luna.lovegood@accenture.com,bcec7358-7563-55d5-9cac-3b0366a371d0,5.0
luna.lovegood@accenture.com,cad9985f-a639-535b-bba4-8e36f52a1d3f,5.0
luna.lovegood@accenture.com,f413cca2-4f3d-5037-adb2-2c66d385a760,5.0
maui.shapeshifter@davita.com,06316b2f-e07f-5229-a6cb-f4a570ee4233,5.0
maui.shapeshifter@davita.com,295dff96-fe7b-5594-a557-cfe3e05a1025,5.0
maui.shapeshifter@davita.com,346fee5e-a1fe-5bff-a1d0-d4ca20ad3a57,5.0
maui.shapeshifter@davita.com,43c20e5b-5bf2-5096-b183-77f5d3d599e1,2.5
maui.shapeshifter@davita.com,4796358f-bc27-5feb-a49c-ca6428bfffcc,5.0
maui.shapeshifter@davita.com,489e77d4-f469-5a69-b5e2-4266ed8c8ac1,5.0
maui.shapeshifter@davita.com,49434040-4b5c-5765-88c5-f8cb246fc876,5.0
maui.shapeshifter@davita.com,54329830-a177-562c-80fc-3879bed9dfaa,5.0
maui.shapeshifter@davita.com,6e5ea788-ca48-5084-87e2-05b2270b67d8,5.0
maui.shapeshifter@davita.com,82449b75-2ec9-5c9c-b98f-5873396fa900,5.0
maui.shapeshifter@davita.com,bcec7358-7563-55d5-9cac-3b0366a371d0,5.0
maui.shapeshifter@davita.com,cad9985f-a639-535b-bba4-8e36f52a1d3f,5.0
maui.shapeshifter@davita.com,f413cca2-4f3d-5037-adb2-2c66d385a760,5.0
maui.shapeshifter@guild.com,06316b2f-e07f-5229-a6cb-f4a570ee4233,5.0
maui.shapeshifter@guild.com,295dff96-fe7b-5594-a557-cfe3e05a1025,5.0
maui.shapeshifter@guild.com,346fee5e-a1fe-5bff-a1d0-d4ca20ad3a57,5.0
maui.shapeshifter@guild.com,43c20e5b-5bf2-5096-b183-77f5d3d599e1,5.0
maui.shapeshifter@guild.com,4796358f-bc27-5feb-a49c-ca6428bfffcc,5.0
maui.shapeshifter@guild.com,489e77d4-f469-5a69-b5e2-4266ed8c8ac1,5.0
maui.shapeshifter@guild.com,49434040-4b5c-5765-88c5-f8cb246fc876,5.0
maui.shapeshifter@guild.com,54329830-a177-562c-80fc-3879bed9dfaa,2.5
maui.shapeshifter@guild.com,6e5ea788-ca48-5084-87e2-05b2270b67d8,5.0
maui.shapeshifter@guild.com,82449b75-2ec9-5c9c-b98f-5873396fa900,2.5
maui.shapeshifter@guild.com,bcec7358-7563-55d5-9cac-3b0366a371d0,5.0
maui.shapeshifter@guild.com,cad9985f-a639-535b-bba4-8e36f52a1d3f,5.0
maui.shapeshifter@guild.com,f413cca2-4f3d-5037-adb2-2c66d385a760,2.5
merida.dunbroch@ima.com,06316b2f-e07f-5229-a6cb-f4a570ee4233,2.5
merida.dunbroch@ima.com,295dff96-fe7b-5594-a557-cfe3e05a1025,5.0
merida.dunbroch@ima.com,346fee5e-a1fe-5bff-a1d0-d4ca20ad3a57,2.5
merida.dunbroch@ima.com,43c20e5b-5bf2-5096-b183-77f5d3d599e1,5.0
merida.dunbroch@ima.com,4796358f-bc27-5feb-a49c-ca6428bfffcc,5.0
merida.dunbroch@ima.com,489e77d4-f469-5a69-b5e2-4266ed8c8ac1,5.0
merida.dunbroch@ima.com,49434040-4b5c-5765-88c5-f8cb246fc876,5.0
merida.dunbroch@ima.com,54329830-a177-562c-80fc-3879bed9dfaa,5.0
merida.dunbroch@ima.com,6e5ea788-ca48-5084-87e2-05b2270b67d8,5.0
merida.dunbroch@ima.com,82449b75-2ec9-5c9c-b98f-5873396fa900,5.0
merida.dunbroch@ima.com,bcec7358-7563-55d5-9cac-3b0366a371d0,5.0
merida.dunbroch@ima.com,cad9985f-a639-535b-bba4-8e36f52a1d3f,5.0
merida.dunbroch@ima.com,f413cca2-4f3d-5037-adb2-2c66d385a760,5.0
mickey.mouse@aws.com,06316b2f-e07f-5229-a6cb-f4a570ee4233,5.0
mickey.mouse@aws.com,295dff96-fe7b-5594-a557-cfe3e05a1025,2.5
mickey.mouse@aws.com,346fee5e-a1fe-5bff-a1d0-d4ca20ad3a57,5.0
mickey.mouse@aws.com,43c20e5b-5bf2-5096-b183-77f5d3d599e1,5.0
mickey.mouse@aws.com,4796358f-bc27-5feb-a49c-ca6428bfffcc,2.5
mickey.mouse@aws.com,489e77d4-f469-5a69-b5e2-4266ed8c8ac1,5.0
mickey.mouse@aws.com,49434040-4b5c-5765-88c5-f8cb246fc876,5.0
mickey.mouse@aws.com,54329830-a177-562c-80fc-3879bed9dfaa,5.0
mickey.mouse@aws.com,6e5ea788-ca48-5084-87e2-05b2270b67d8,5.0
mickey.mouse@aws.com,82449b75-2ec9-5c9c-b98f-5873396fa900,5.0
mickey.mouse@aws.com,bcec7358-7563-55d5-9cac-3b0366a371d0,5.0
mickey.mouse@aws.com,cad9985f-a639-535b-bba4-8e36f52a1d3f,5.0
mickey.mouse@aws.com,f413cca2-4f3d-5037-adb2-2c66d385a760,5.0
mickey.mouse@salesforce.com,06316b2f-e07f-5229-a6cb-f4a570ee4233,5.0
mickey.mouse@salesforce.com,295dff96-fe7b-5594-a557-cfe3e05a1025,5.0
mickey.mouse@salesforce.com,346fee5e-a1fe-5bff-a1d0-d4ca20ad3a57,5.0
mickey.mouse@salesforce.com,43c20e5b-5bf2-5096-b183-77f5d3d599e1,5.0
mickey.mouse@salesforce.com,4796358f-bc27-5feb-a49c-ca6428bfffcc,5.0
mickey.mouse@salesforce.com,489e77d4-f469-5a69-b5e2-4266ed8c8ac1,5.0
mickey.mouse@salesforce.com,49434040-4b5c-5765-88c5-f8cb246fc876,2.5
mickey.mouse@salesforce.com,54329830-a177-562c-80fc-3879bed9dfaa,5.0
mickey.mouse@salesforce.com,6e5ea788-ca48-5084-87e2-05b2270b67d8,5.0
mickey.mouse@salesforce.com,82449b75-2ec9-5c9c-b98f-5873396fa900,5.0
mickey.mouse@salesforce.com,bcec7358-7563-55d5-9cac-3b0366a371d0,5.0
mickey.mouse@salesforce.com,cad9985f-a639-535b-bba4-8e36f52a1d3f,5.0
mickey.mouse@salesforce.com,f413cca2-4f3d-5037-adb2-2c66d385a760,5.0
minnie.mouse@adobe.com,06316b2f-e07f-5229-a6cb-f4a570ee4233,5.0
minnie.mouse@adobe.com,295dff96-fe7b-5594-a557-cfe3e05a1025,0.0
minnie.mouse@adobe.com,346fee5e-a1fe-5bff-a1d0-d4ca20ad3a57,5.0
minnie.mouse@adobe.com,43c20e5b-5bf2-5096-b183-77f5d3d599e1,5.0
minnie.mouse@adobe.com,4796358f-bc27-5feb-a49c-ca6428bfffcc,0.0
minnie.mouse@adobe.com,489e77d4-f469-5a69-b5e2-4266ed8c8ac1,0.0
minnie.mouse@adobe.com,49434040-4b5c-5765-88c5-f8cb246fc876,5.0
minnie.mouse@adobe.com,54329830-a177-562c-80fc-3879bed9dfaa,5.0
minnie.mouse@adobe.com,6e5ea788-ca48-5084-87e2-05b2270b67d8,5.0
minnie.mouse@adobe.com,82449b75-2ec9-5c9c-b98f-5873396fa900,5.0
minnie.mouse@adobe.com,bcec7358-7563-55d5-9cac-3b0366a371d0,5.0
minnie.mouse@adobe.com,cad9985f-a639-535b-bba4-8e36f52a1d3f,5.0
minnie.mouse@adobe.com,f413cca2-4f3d-5037-adb2-2c66d385a760,5.0
minnie.mouse@guild.com,06316b2f-e07f-5229-a6cb-f4a570ee4233,5.0
minnie.mouse@guild.com,295dff96-fe7b-5594-a557-cfe3e05a1025,5.0
minnie.mouse@guild.com,346fee5e-a1fe-5bff-a1d0-d4ca20ad3a57,5.0
minnie.mouse@guild.com,43c20e5b-5bf2-5096-b183-77f5d3d599e1,5.0
minnie.mouse@guild.com,4796358f-bc27-5feb-a49c-ca6428bfffcc,5.0
minnie.mouse@guild.com,489e77d4-f469-5a69-b5e2-4266ed8c8ac1,5.0
minnie.mouse@guild.com,49434040-4b5c-5765-88c5-f8cb246fc876,5.0
minnie.mouse@guild.com,54329830-a177-562c-80fc-3879bed9dfaa,5.0
minnie.mouse@guild.com,6e5ea788-ca48-5084-87e2-05b2270b67d8,5.0
minnie.mouse@guild.com,82449b75-2ec9-5c9c-b98f-5873396fa900,5.0
minnie.mouse@guild.com,bcec7358-7563-55d5-9cac-3b0366a371d0,5.0
minnie.mouse@guild.com,cad9985f-a639-535b-bba4-8e36f52a1d3f,5.0
minnie.mouse@guild.com,f413cca2-4f3d-5037-adb2-2c66d385a760,5.0
moana.waialiki@accenture.com,06316b2f-e07f-5229-a6cb-f4a570ee4233,0.0
moana.waialiki@accenture.com,295dff96-fe7b-5594-a557-cfe3e05a1025,5.0
moana.waialiki@accenture.com,346fee5e-a1fe-5bff-a1d0-d4ca20ad3a57,5.0
moana.waialiki@accenture.com,43c20e5b-5bf2-5096-b183-77f5d3d599e1,5.0
moana.waialiki@accenture.com,4796358f-bc27-5feb-a49c-ca6428bfffcc,5.0
moana.waialiki@accenture.com,489e77d4-f469-5a69-b5e2-4266ed8c8ac1,5.0
moana.waialiki@accenture.com,49434040-4b5c-5765-88c5-f8cb246fc876,5.0
moana.waialiki@accenture.com,54329830-a177-562c-80fc-3879bed9dfaa,5.0
moana.waialiki@accenture.com,6e5ea788-ca48-5084-87e2-05b2270b67d8,5.0
moana.waialiki@accenture.com,82449b75-2ec9-5c9c-b98f-5873396fa900,5.0
moana.waialiki@accenture.com,bcec7358-7563-55d5-9cac-3b0366a371d0,5.0
moana.waialiki@accenture.com,cad9985f-a639-535b-bba4-8e36f52a1d3f,5.0
moana.waialiki@accenture.com,f413cca2-4f3d-5037-adb2-2c66d385a760,5.0
mufasa.king@accenture.com,06316b2f-e07f-5229-a6cb-f4a570ee4233,5.0
mufasa.king@accenture.com,295dff96-fe7b-5594-a557-cfe3e05a1025,5.0
mufasa.king@accenture.com,346fee5e-a1fe-5bff-a1d0-d4ca20ad3a57,5.0
mufasa.king@accenture.com,43c20e5b-5bf2-5096-b183-77f5d3d599e1,5.0
mufasa.king@accenture.com,4796358f-bc27-5feb-a49c-ca6428bfffcc,5.0
mufasa.king@accenture.com,489e77d4-f469-5a69-b5e2-4266ed8c8ac1,5.0
mufasa.king@accenture.com,49434040-4b5c-5765-88c5-f8cb246fc876,5.0
mufasa.king@accenture.com,54329830-a177-562c-80fc-3879bed9dfaa,5.0
mufasa.king@accenture.com,6e5ea788-ca48-5084-87e2-05b2270b67d8,5.0
mufasa.king@accenture.com,82449b75-2ec9-5c9c-b98f-5873396fa900,5.0
mufasa.king@accenture.com,bcec7358-7563-55d5-9cac-3b0366a371d0,5.0
mufasa.king@accenture.com,cad9985f-a639-535b-bba4-8e36f52a1d3f,5.0
mufasa.king@accenture.com,f413cca2-4f3d-5037-adb2-2c66d385a760,5.0
nala.lion@accenture.com,06316b2f-e07f-5229-a6cb-f4a570ee4233,5.0
nala.lion@accenture.com,295dff96-fe7b-5594-a557-cfe3e05a1025,5.0
nala.lion@accenture.com,346fee5e-a1fe-5bff-a1d0-d4ca20ad3a57,5.0
nala.lion@accenture.com,43c20e5b-5bf2-5096-b183-77f5d3d599e1,5.0
nala.lion@accenture.com,4796358f-bc27-5feb-a49c-ca6428bfffcc,5.0
nala.lion@accenture.com,489e77d4-f469-5a69-b5e2-4266ed8c8ac1,5.0
nala.lion@accenture.com,49434040-4b5c-5765-88c5-f8cb246fc876,5.0
nala.lion@accenture.com,54329830-a177-562c-80fc-3879bed9dfaa,5.0
nala.lion@accenture.com,6e5ea788-ca48-5084-87e2-05b2270b67d8,5.0
nala.lion@accenture.com,82449b75-2ec9-5c9c-b98f-5873396fa900,5.0
nala.lion@accenture.com,bcec7358-7563-55d5-9cac-3b0366a371d0,5.0
nala.lion@accenture.com,cad9985f-a639-535b-bba4-8e36f52a1d3f,5.0
nala.lion@accenture.com,f413cca2-4f3d-5037-adb2-2c66d385a760,5.0
naveen.frog@davita.com,06316b2f-e07f-5229-a6cb-f4a570ee4233,0.0
naveen.frog@davita.com,295dff96-fe7b-5594-a557-cfe3e05a1025,5.0
naveen.frog@davita.com,346fee5e-a1fe-5bff-a1d0-d4ca20ad3a57,2.5
naveen.frog@davita.com,43c20e5b-5bf2-5096-b183-77f5d3d599e1,5.0
naveen.frog@davita.com,4796358f-bc27-5feb-a49c-ca6428bfffcc,5.0
naveen.frog@davita.com,489e77d4-f469-5a69-b5e2-4266ed8c8ac1,5.0
naveen.frog@davita.com,49434040-4b5c-5765-88c5-f8cb246fc876,5.0
naveen.frog@davita.com,54329830-a177-562c-80fc-3879bed9dfaa,5.0
naveen.frog@davita.com,6e5ea788-ca48-5084-87e2-05b2270b67d8,5.0
naveen.frog@davita.com,82449b75-2ec9-5c9c-b98f-5873396fa900,5.0
naveen.frog@davita.com,bcec7358-7563-55d5-9cac-3b0366a371d0,2.5
naveen.frog@davita.com,cad9985f-a639-535b-bba4-8e36f52a1d3f,2.5
naveen.frog@davita.com,f413cca2-4f3d-5037-adb2-2c66d385a760,5.0
naveen.frog@salesforce.com,06316b2f-e07f-5229-a6cb-f4a570ee4233,5.0
naveen.frog@salesforce.com,295dff96-fe7b-5594-a557-cfe3e05a1025,5.0
naveen.frog@salesforce.com,346fee5e-a1fe-5bff-a1d0-d4ca20ad3a57,5.0
naveen.frog@salesforce.com,43c20e5b-5bf2-5096-b183-77f5d3d599e1,5.0
naveen.frog@salesforce.com,4796358f-bc27-5feb-a49c-ca6428bfffcc,5.0
naveen.frog@salesforce.com,489e77d4-f469-5a69-b5e2-4266ed8c8ac1,5.0
naveen.frog@salesforce.com,49434040-4b5c-5765-88c5-f8cb246fc876,5.0
naveen.frog@salesforce.com,54329830-a177-562c-80fc-3879bed9dfaa,5.0
naveen.frog@salesforce.com,6e5ea788-ca48-5084-87e2-05b2270b67d8,5.0
naveen.frog@salesforce.com,82449b75-2ec9-5c9c-b98f-5873396fa900,5.0
naveen.frog@salesforce.com,bcec7358-7563-55d5-9cac-3b0366a371d0,5.0
naveen.frog@salesforce.com,cad9985f-a639-535b-bba4-8e36f52a1d3f,5.0
naveen.frog@salesforce.com,f413cca2-4f3d-5037-adb2-2c66d385a760,5.0
neville.longbottom2@davita.com,06316b2f-e07f-5229-a6cb-f4a570ee4233,5.0
neville.longbottom2@davita.com,295dff96-fe7b-5594-a557-cfe3e05a1025,0.0
neville.longbottom2@davita.com,346fee5e-a1fe-5bff-a1d0-d4ca20ad3a57,2.5
neville.longbottom2@davita.com,43c20e5b-5bf2-5096-b183-77f5d3d599e1,5.0
neville.longbottom2@davita.com,4796358f-bc27-5feb-a49c-ca6428bfffcc,0.0
neville.longbottom2@davita.com,489e77d4-f469-5a69-b5e2-4266ed8c8ac1,5.0
neville.longbottom2@davita.com,49434040-4b5c-5765-88c5-f8cb246fc876,0.0
neville.longbottom2@davita.com,54329830-a177-562c-80fc-3879bed9dfaa,5.0
neville.longbottom2@davita.com,6e5ea788-ca48-5084-87e2-05b2270b67d8,0.0
neville.longbottom2@davita.com,82449b75-2ec9-5c9c-b98f-5873396fa900,2.5
neville.longbottom2@davita.com,bcec7358-7563-55d5-9cac-3b0366a371d0,2.5
neville.longbottom2@davita.com,cad9985f-a639-535b-bba4-8e36f52a1d3f,2.5
neville.longbottom2@davita.com,f413cca2-4f3d-5037-adb2-2c66d385a760,2.5
neville.longbottom@davita.com,06316b2f-e07f-5229-a6cb-f4a570ee4233,2.5
neville.longbottom@davita.com,295dff96-fe7b-5594-a557-cfe3e05a1025,5.0
neville.longbottom@davita.com,346fee5e-a1fe-5bff-a1d0-d4ca20ad3a57,5.0
neville.longbottom@davita.com,43c20e5b-5bf2-5096-b183-77f5d3d599e1,2.5
neville.longbottom@davita.com,4796358f-bc27-5feb-a49c-ca6428bfffcc,5.0
neville.longbottom@davita.com,489e77d4-f469-5a69-b5e2-4266ed8c8ac1,5.0
neville.longbottom@davita.com,49434040-4b5c-5765-88c5-f8cb246fc876,5.0
neville.longbottom@davita.com,54329830-a177-562c-80fc-3879bed9dfaa,5.0
neville.longbottom@davita.com,6e5ea788-ca48-5084-87e2-05b2270b67d8,5.0
neville.longbottom@davita.com,82449b75-2ec9-5c9c-b98f-5873396fa900,2.5
neville.longbottom@davita.com,bcec7358-7563-55d5-9cac-3b0366a371d0,5.0
neville.longbottom@davita.com,cad9985f-a639-535b-bba4-8e36f52a1d3f,5.0
neville.longbottom@davita.com,f413cca2-4f3d-5037-adb2-2c66d385a760,2.5
olaf.snow@guild.com,06316b2f-e07f-5229-a6cb-f4a570ee4233,5.0
olaf.snow@guild.com,295dff96-fe7b-5594-a557-cfe3e05a1025,5.0
olaf.snow@guild.com,346fee5e-a1fe-5bff-a1d0-d4ca20ad3a57,5.0
olaf.snow@guild.com,43c20e5b-5bf2-5096-b183-77f5d3d599e1,5.0
olaf.snow@guild.com,4796358f-bc27-5feb-a49c-ca6428bfffcc,5.0
olaf.snow@guild.com,489e77d4-f469-5a69-b5e2-4266ed8c8ac1,5.0
olaf.snow@guild.com,49434040-4b5c-5765-88c5-f8cb246fc876,5.0
olaf.snow@guild.com,54329830-a177-562c-80fc-3879bed9dfaa,5.0
olaf.snow@guild.com,6e5ea788-ca48-5084-87e2-05b2270b67d8,5.0
olaf.snow@guild.com,82449b75-2ec9-5c9c-b98f-5873396fa900,5.0
olaf.snow@guild.com,bcec7358-7563-55d5-9cac-3b0366a371d0,5.0
olaf.snow@guild.com,cad9985f-a639-535b-bba4-8e36f52a1d3f,5.0
olaf.snow@guild.com,f413cca2-4f3d-5037-adb2-2c66d385a760,5.0
peter.pan@adobe.com,06316b2f-e07f-5229-a6cb-f4a570ee4233,5.0
peter.pan@adobe.com,295dff96-fe7b-5594-a557-cfe3e05a1025,5.0
peter.pan@adobe.com,346fee5e-a1fe-5bff-a1d0-d4ca20ad3a57,5.0
peter.pan@adobe.com,43c20e5b-5bf2-5096-b183-77f5d3d599e1,5.0
peter.pan@adobe.com,4796358f-bc27-5feb-a49c-ca6428bfffcc,5.0
peter.pan@adobe.com,489e77d4-f469-5a69-b5e2-4266ed8c8ac1,5.0
peter.pan@adobe.com,49434040-4b5c-5765-88c5-f8cb246fc876,5.0
peter.pan@adobe.com,54329830-a177-562c-80fc-3879bed9dfaa,5.0
peter.pan@adobe.com,6e5ea788-ca48-5084-87e2-05b2270b67d8,5.0
peter.pan@adobe.com,82449b75-2ec9-5c9c-b98f-5873396fa900,5.0
peter.pan@adobe.com,bcec7358-7563-55d5-9cac-3b0366a371d0,5.0
peter.pan@adobe.com,cad9985f-a639-535b-bba4-8e36f52a1d3f,5.0
peter.pan@adobe.com,f413cca2-4f3d-5037-adb2-2c66d385a760,5.0
pluto.pup@guild.com,06316b2f-e07f-5229-a6cb-f4a570ee4233,5.0
pluto.pup@guild.com,295dff96-fe7b-5594-a557-cfe3e05a1025,5.0
pluto.pup@guild.com,346fee5e-a1fe-5bff-a1d0-d4ca20ad3a57,5.0
pluto.pup@guild.com,43c20e5b-5bf2-5096-b183-77f5d3d599e1,2.5
pluto.pup@guild.com,4796358f-bc27-5feb-a49c-ca6428bfffcc,5.0
pluto.pup@guild.com,489e77d4-f469-5a69-b5e2-4266ed8c8ac1,2.5
pluto.pup@guild.com,49434040-4b5c-5765-88c5-f8cb246fc876,5.0
pluto.pup@guild.com,54329830-a177-562c-80fc-3879bed9dfaa,5.0
pluto.pup@guild.com,6e5ea788-ca48-5084-87e2-05b2270b67d8,5.0
pluto.pup@guild.com,82449b75-2ec9-5c9c-b98f-5873396fa900,2.5
pluto.pup@guild.com,bcec7358-7563-55d5-9cac-3b0366a371d0,5.0
pluto.pup@guild.com,cad9985f-a639-535b-bba4-8e36f52a1d3f,5.0
pluto.pup@guild.com,f413cca2-4f3d-5037-adb2-2c66d385a760,2.5
pluto.pup@jfg.com,06316b2f-e07f-5229-a6cb-f4a570ee4233,5.0
pluto.pup@jfg.com,295dff96-fe7b-5594-a557-cfe3e05a1025,5.0
pluto.pup@jfg.com,346fee5e-a1fe-5bff-a1d0-d4ca20ad3a57,5.0
pluto.pup@jfg.com,43c20e5b-5bf2-5096-b183-77f5d3d599e1,5.0
pluto.pup@jfg.com,4796358f-bc27-5feb-a49c-ca6428bfffcc,5.0
pluto.pup@jfg.com,489e77d4-f469-5a69-b5e2-4266ed8c8ac1,5.0
pluto.pup@jfg.com,49434040-4b5c-5765-88c5-f8cb246fc876,5.0
pluto.pup@jfg.com,54329830-a177-562c-80fc-3879bed9dfaa,5.0
pluto.pup@jfg.com,6e5ea788-ca48-5084-87e2-05b2270b67d8,5.0
pluto.pup@jfg.com,82449b75-2ec9-5c9c-b98f-5873396fa900,5.0
pluto.pup@jfg.com,bcec7358-7563-55d5-9cac-3b0366a371d0,5.0
pluto.pup@jfg.com,cad9985f-a639-535b-bba4-8e36f52a1d3f,5.0
pluto.pup@jfg.com,f413cca2-4f3d-5037-adb2-2c66d385a760,5.0
pumbaa.warthog@davita.com,06316b2f-e07f-5229-a6cb-f4a570ee4233,5.0
pumbaa.warthog@davita.com,295dff96-fe7b-5594-a557-cfe3e05a1025,0.0
pumbaa.warthog@davita.com,346fee5e-a1fe-5bff-a1d0-d4ca20ad3a57,5.0
pumbaa.warthog@davita.com,43c20e5b-5bf2-5096-b183-77f5d3d599e1,5.0
pumbaa.warthog@davita.com,4796358f-bc27-5feb-a49c-ca6428bfffcc,0.0
pumbaa.warthog@davita.com,489e77d4-f469-5a69-b5e2-4266ed8c8ac1,5.0
pumbaa.warthog@davita.com,49434040-4b5c-5765-88c5-f8cb246fc876,5.0
pumbaa.warthog@davita.com,54329830-a177-562c-80fc-3879bed9dfaa,5.0
pumbaa.warthog@davita.com,6e5ea788-ca48-5084-87e2-05b2270b67d8,5.0
pumbaa.warthog@davita.com,82449b75-2ec9-5c9c-b98f-5873396fa900,2.5
pumbaa.warthog@davita.com,bcec7358-7563-55d5-9cac-3b0366a371d0,5.0
pumbaa.warthog@davita.com,cad9985f-a639-535b-bba4-8e36f52a1d3f,5.0
pumbaa.warthog@davita.com,f413cca2-4f3d-5037-adb2-2c66d385a760,2.5
pumbaa.warthog@jfg.com,06316b2f-e07f-5229-a6cb-f4a570ee4233,5.0
pumbaa.warthog@jfg.com,295dff96-fe7b-5594-a557-cfe3e05a1025,5.0
pumbaa.warthog@jfg.com,346fee5e-a1fe-5bff-a1d0-d4ca20ad3a57,5.0
pumbaa.warthog@jfg.com,43c20e5b-5bf2-5096-b183-77f5d3d599e1,0.0
pumbaa.warthog@jfg.com,4796358f-bc27-5feb-a49c-ca6428bfffcc,5.0
pumbaa.warthog@jfg.com,489e77d4-f469-5a69-b5e2-4266ed8c8ac1,5.0
pumbaa.warthog@jfg.com,49434040-4b5c-5765-88c5-f8cb246fc876,5.0
pumbaa.warthog@jfg.com,54329830-a177-562c-80fc-3879bed9dfaa,5.0
pumbaa.warthog@jfg.com,6e5ea788-ca48-5084-87e2-05b2270b67d8,5.0
pumbaa.warthog@jfg.com,82449b75-2ec9-5c9c-b98f-5873396fa900,2.5
pumbaa.warthog@jfg.com,bcec7358-7563-55d5-9cac-3b0366a371d0,5.0
pumbaa.warthog@jfg.com,cad9985f-a639-535b-bba4-8e36f52a1d3f,5.0
pumbaa.warthog@jfg.com,f413cca2-4f3d-5037-adb2-2c66d385a760,2.5
rapunzel.gothel@accenture.com,06316b2f-e07f-5229-a6cb-f4a570ee4233,5.0
rapunzel.gothel@accenture.com,295dff96-fe7b-5594-a557-cfe3e05a1025,5.0
rapunzel.gothel@accenture.com,346fee5e-a1fe-5bff-a1d0-d4ca20ad3a57,5.0
rapunzel.gothel@accenture.com,43c20e5b-5bf2-5096-b183-77f5d3d599e1,5.0
rapunzel.gothel@accenture.com,4796358f-bc27-5feb-a49c-ca6428bfffcc,5.0
rapunzel.gothel@accenture.com,489e77d4-f469-5a69-b5e2-4266ed8c8ac1,5.0
rapunzel.gothel@accenture.com,49434040-4b5c-5765-88c5-f8cb246fc876,5.0
rapunzel.gothel@accenture.com,54329830-a177-562c-80fc-3879bed9dfaa,5.0
rapunzel.gothel@accenture.com,6e5ea788-ca48-5084-87e2-05b2270b67d8,5.0
rapunzel.gothel@accenture.com,82449b75-2ec9-5c9c-b98f-5873396fa900,2.5
rapunzel.gothel@accenture.com,bcec7358-7563-55d5-9cac-3b0366a371d0,5.0
rapunzel.gothel@accenture.com,cad9985f-a639-535b-bba4-8e36f52a1d3f,5.0
rapunzel.gothel@accenture.com,f413cca2-4f3d-5037-adb2-2c66d385a760,2.5
rapunzel.gothel@ima.com,06316b2f-e07f-5229-a6cb-f4a570ee4233,5.0
rapunzel.gothel@ima.com,295dff96-fe7b-5594-a557-cfe3e05a1025,5.0
rapunzel.gothel@ima.com,346fee5e-a1fe-5bff-a1d0-d4ca20ad3a57,5.0
rapunzel.gothel@ima.com,43c20e5b-5bf2-5096-b183-77f5d3d599e1,5.0
rapunzel.gothel@ima.com,4796358f-bc27-5feb-a49c-ca6428bfffcc,5.0
rapunzel.gothel@ima.com,489e77d4-f469-5a69-b5e2-4266ed8c8ac1,5.0
rapunzel.gothel@ima.com,49434040-4b5c-5765-88c5-f8cb246fc876,5.0
rapunzel.gothel@ima.com,54329830-a177-562c-80fc-3879bed9dfaa,5.0
rapunzel.gothel@ima.com,6e5ea788-ca48-5084-87e2-05b2270b67d8,5.0
rapunzel.gothel@ima.com,82449b75-2ec9-5c9c-b98f-5873396fa900,5.0
rapunzel.gothel@ima.com,bcec7358-7563-55d5-9cac-3b0366a371d0,5.0
rapunzel.gothel@ima.com,cad9985f-a639-535b-bba4-8e36f52a1d3f,5.0
rapunzel.gothel@ima.com,f413cca2-4f3d-5037-adb2-2c66d385a760,5.0
rex.dino@accenture.com,06316b2f-e07f-5229-a6cb-f4a570ee4233,5.0
rex.dino@accenture.com,295dff96-fe7b-5594-a557-cfe3e05a1025,2.5
rex.dino@accenture.com,346fee5e-a1fe-5bff-a1d0-d4ca20ad3a57,5.0
rex.dino@accenture.com,43c20e5b-5bf2-5096-b183-77f5d3d599e1,5.0
rex.dino@accenture.com,4796358f-bc27-5feb-a49c-ca6428bfffcc,2.5
rex.dino@accenture.com,489e77d4-f469-5a69-b5e2-4266ed8c8ac1,5.0
rex.dino@accenture.com,49434040-4b5c-5765-88c5-f8cb246fc876,5.0
rex.dino@accenture.com,54329830-a177-562c-80fc-3879bed9dfaa,5.0
rex.dino@accenture.com,6e5ea788-ca48-5084-87e2-05b2270b67d8,5.0
rex.dino@accenture.com,82449b75-2ec9-5c9c-b98f-5873396fa900,5.0
rex.dino@accenture.com,bcec7358-7563-55d5-9cac-3b0366a371d0,5.0
rex.dino@accenture.com,cad9985f-a639-535b-bba4-8e36f52a1d3f,5.0
rex.dino@accenture.com,f413cca2-4f3d-5037-adb2-2c66d385a760,5.0
ron.weasley@aws.com,06316b2f-e07f-5229-a6cb-f4a570ee4233,2.5
ron.weasley@aws.com,295dff96-fe7b-5594-a557-cfe3e05a1025,5.0
ron.weasley@aws.com,346fee5e-a1fe-5bff-a1d0-d4ca20ad3a57,0.0
ron.weasley@aws.com,43c20e5b-5bf2-5096-b183-77f5d3d599e1,5.0
ron.weasley@aws.com,4796358f-bc27-5feb-a49c-ca6428bfffcc,5.0
ron.weasley@aws.com,489e77d4-f469-5a69-b5e2-4266ed8c8ac1,5.0
ron.weasley@aws.com,49434040-4b5c-5765-88c5-f8cb246fc876,5.0
ron.weasley@aws.com,54329830-a177-562c-80fc-3879bed9dfaa,5.0
ron.weasley@aws.com,6e5ea788-ca48-5084-87e2-05b2270b67d8,5.0
ron.weasley@aws.com,82449b75-2ec9-5c9c-b98f-5873396fa900,5.0
ron.weasley@aws.com,bcec7358-7563-55d5-9cac-3b0366a371d0,0.0
ron.weasley@aws.com,cad9985f-a639-535b-bba4-8e36f52a1d3f,0.0
ron.weasley@aws.com,f413cca2-4f3d-5037-adb2-2c66d385a760,5.0
ron.weasley@davita.com,06316b2f-e07f-5229-a6cb-f4a570ee4233,5.0
ron.weasley@davita.com,295dff96-fe7b-5594-a557-cfe3e05a1025,5.0
ron.weasley@davita.com,346fee5e-a1fe-5bff-a1d0-d4ca20ad3a57,5.0
ron.weasley@davita.com,43c20e5b-5bf2-5096-b183-77f5d3d599e1,5.0
ron.weasley@davita.com,4796358f-bc27-5feb-a49c-ca6428bfffcc,5.0
ron.weasley@davita.com,489e77d4-f469-5a69-b5e2-4266ed8c8ac1,5.0
ron.weasley@davita.com,49434040-4b5c-5765-88c5-f8cb246fc876,5.0
ron.weasley@davita.com,54329830-a177-562c-80fc-3879bed9dfaa,5.0
ron.weasley@davita.com,6e5ea788-ca48-5084-87e2-05b2270b67d8,5.0
ron.weasley@davita.com,82449b75-2ec9-5c9c-b98f-5873396fa900,0.0
ron.weasley@davita.com,bcec7358-7563-55d5-9cac-3b0366a371d0,5.0
ron.weasley@davita.com,cad9985f-a639-535b-bba4-8e36f52a1d3f,5.0
ron.weasley@davita.com,f413cca2-4f3d-5037-adb2-2c66d385a760,0.0
samwise.gamgee@davita.com,06316b2f-e07f-5229-a6cb-f4a570ee4233,5.0
samwise.gamgee@davita.com,295dff96-fe7b-5594-a557-cfe3e05a1025,5.0
samwise.gamgee@davita.com,346fee5e-a1fe-5bff-a1d0-d4ca20ad3a57,5.0
samwise.gamgee@davita.com,43c20e5b-5bf2-5096-b183-77f5d3d599e1,5.0
samwise.gamgee@davita.com,4796358f-bc27-5feb-a49c-ca6428bfffcc,5.0
samwise.gamgee@davita.com,489e77d4-f469-5a69-b5e2-4266ed8c8ac1,5.0
samwise.gamgee@davita.com,49434040-4b5c-5765-88c5-f8cb246fc876,5.0
samwise.gamgee@davita.com,54329830-a177-562c-80fc-3879bed9dfaa,5.0
samwise.gamgee@davita.com,6e5ea788-ca48-5084-87e2-05b2270b67d8,5.0
samwise.gamgee@davita.com,82449b75-2ec9-5c9c-b98f-5873396fa900,5.0
samwise.gamgee@davita.com,bcec7358-7563-55d5-9cac-3b0366a371d0,5.0
samwise.gamgee@davita.com,cad9985f-a639-535b-bba4-8e36f52a1d3f,5.0
samwise.gamgee@davita.com,f413cca2-4f3d-5037-adb2-2c66d385a760,5.0
samwise.gamgee@guild.com,06316b2f-e07f-5229-a6cb-f4a570ee4233,5.0
samwise.gamgee@guild.com,295dff96-fe7b-5594-a557-cfe3e05a1025,5.0
samwise.gamgee@guild.com,346fee5e-a1fe-5bff-a1d0-d4ca20ad3a57,5.0
samwise.gamgee@guild.com,43c20e5b-5bf2-5096-b183-77f5d3d599e1,5.0
samwise.gamgee@guild.com,4796358f-bc27-5feb-a49c-ca6428bfffcc,5.0
samwise.gamgee@guild.com,489e77d4-f469-5a69-b5e2-4266ed8c8ac1,5.0
samwise.gamgee@guild.com,49434040-4b5c-5765-88c5-f8cb246fc876,5.0
samwise.gamgee@guild.com,54329830-a177-562c-80fc-3879bed9dfaa,5.0
samwise.gamgee@guild.com,6e5ea788-ca48-5084-87e2-05b2270b67d8,5.0
samwise.gamgee@guild.com,82449b75-2ec9-5c9c-b98f-5873396fa900,0.0
samwise.gamgee@guild.com,bcec7358-7563-55d5-9cac-3b0366a371d0,5.0
samwise.gamgee@guild.com,cad9985f-a639-535b-bba4-8e36f52a1d3f,5.0
samwise.gamgee@guild.com,f413cca2-4f3d-5037-adb2-2c66d385a760,0.0
simba.lion@accenture.com,06316b2f-e07f-5229-a6cb-f4a570ee4233,5.0
simba.lion@accenture.com,295dff96-fe7b-5594-a557-cfe3e05a1025,0.0
simba.lion@accenture.com,346fee5e-a1fe-5bff-a1d0-d4ca20ad3a57,5.0
simba.lion@accenture.com,43c20e5b-5bf2-5096-b183-77f5d3d599e1,5.0
simba.lion@accenture.com,4796358f-bc27-5feb-a49c-ca6428bfffcc,0.0
simba.lion@accenture.com,489e77d4-f469-5a69-b5e2-4266ed8c8ac1,5.0
simba.lion@accenture.com,49434040-4b5c-5765-88c5-f8cb246fc876,5.0
simba.lion@accenture.com,54329830-a177-562c-80fc-3879bed9dfaa,5.0
simba.lion@accenture.com,6e5ea788-ca48-5084-87e2-05b2270b67d8,5.0
simba.lion@accenture.com,82449b75-2ec9-5c9c-b98f-5873396fa900,5.0
simba.lion@accenture.com,bcec7358-7563-55d5-9cac-3b0366a371d0,5.0
simba.lion@accenture.com,cad9985f-a639-535b-bba4-8e36f52a1d3f,5.0
simba.lion@accenture.com,f413cca2-4f3d-5037-adb2-2c66d385a760,5.0
simba.lion@jfg.com,06316b2f-e07f-5229-a6cb-f4a570ee4233,2.5
simba.lion@jfg.com,295dff96-fe7b-5594-a557-cfe3e05a1025,5.0
simba.lion@jfg.com,346fee5e-a1fe-5bff-a1d0-d4ca20ad3a57,0.0
simba.lion@jfg.com,43c20e5b-5bf2-5096-b183-77f5d3d599e1,0.0
simba.lion@jfg.com,4796358f-bc27-5feb-a49c-ca6428bfffcc,5.0
simba.lion@jfg.com,489e77d4-f469-5a69-b5e2-4266ed8c8ac1,5.0
simba.lion@jfg.com,49434040-4b5c-5765-88c5-f8cb246fc876,5.0
simba.lion@jfg.com,54329830-a177-562c-80fc-3879bed9dfaa,5.0
simba.lion@jfg.com,6e5ea788-ca48-5084-87e2-05b2270b67d8,5.0
simba.lion@jfg.com,82449b75-2ec9-5c9c-b98f-5873396fa900,5.0
simba.lion@jfg.com,bcec7358-7563-55d5-9cac-3b0366a371d0,5.0
simba.lion@jfg.com,cad9985f-a639-535b-bba4-8e36f52a1d3f,5.0
simba.lion@jfg.com,f413cca2-4f3d-5037-adb2-2c66d385a760,5.0
simone.cat@accenture.com,06316b2f-e07f-5229-a6cb-f4a570ee4233,5.0
simone.cat@accenture.com,295dff96-fe7b-5594-a557-cfe3e05a1025,2.5
simone.cat@accenture.com,346fee5e-a1fe-5bff-a1d0-d4ca20ad3a57,5.0
simone.cat@accenture.com,43c20e5b-5bf2-5096-b183-77f5d3d599e1,5.0
simone.cat@accenture.com,4796358f-bc27-5feb-a49c-ca6428bfffcc,2.5
simone.cat@accenture.com,489e77d4-f469-5a69-b5e2-4266ed8c8ac1,5.0
simone.cat@accenture.com,49434040-4b5c-5765-88c5-f8cb246fc876,5.0
simone.cat@accenture.com,54329830-a177-562c-80fc-3879bed9dfaa,5.0
simone.cat@accenture.com,6e5ea788-ca48-5084-87e2-05b2270b67d8,5.0
simone.cat@accenture.com,82449b75-2ec9-5c9c-b98f-5873396fa900,5.0
simone.cat@accenture.com,bcec7358-7563-55d5-9cac-3b0366a371d0,5.0
simone.cat@accenture.com,cad9985f-a639-535b-bba4-8e36f52a1d3f,5.0
simone.cat@accenture.com,f413cca2-4f3d-5037-adb2-2c66d385a760,5.0
simone.cat@guild.com,06316b2f-e07f-5229-a6cb-f4a570ee4233,0.0
simone.cat@guild.com,295dff96-fe7b-5594-a557-cfe3e05a1025,5.0
simone.cat@guild.com,346fee5e-a1fe-5bff-a1d0-d4ca20ad3a57,5.0
simone.cat@guild.com,43c20e5b-5bf2-5096-b183-77f5d3d599e1,5.0
simone.cat@guild.com,4796358f-bc27-5feb-a49c-ca6428bfffcc,5.0
simone.cat@guild.com,489e77d4-f469-5a69-b5e2-4266ed8c8ac1,2.5
simone.cat@guild.com,49434040-4b5c-5765-88c5-f8cb246fc876,2.5
simone.cat@guild.com,54329830-a177-562c-80fc-3879bed9dfaa,5.0
simone.cat@guild.com,6e5ea788-ca48-5084-87e2-05b2270b67d8,2.5
simone.cat@guild.com,82449b75-2ec9-5c9c-b98f-5873396fa900,5.0
simone.cat@guild.com,bcec7358-7563-55d5-9cac-3b0366a371d0,5.0
simone.cat@guild.com,cad9985f-a639-535b-bba4-8e36f52a1d3f,5.0
simone.cat@guild.com,f413cca2-4f3d-5037-adb2-2c66d385a760,5.0
smee.sailor@accenture.com,06316b2f-e07f-5229-a6cb-f4a570ee4233,5.0
smee.sailor@accenture.com,295dff96-fe7b-5594-a557-cfe3e05a1025,5.0
smee.sailor@accenture.com,346fee5e-a1fe-5bff-a1d0-d4ca20ad3a57,5.0
smee.sailor@accenture.com,43c20e5b-5bf2-5096-b183-77f5d3d599e1,5.0
smee.sailor@accenture.com,4796358f-bc27-5feb-a49c-ca6428bfffcc,5.0
smee.sailor@accenture.com,489e77d4-f469-5a69-b5e2-4266ed8c8ac1,5.0
smee.sailor@accenture.com,49434040-4b5c-5765-88c5-f8cb246fc876,5.0
smee.sailor@accenture.com,54329830-a177-562c-80fc-3879bed9dfaa,5.0
smee.sailor@accenture.com,6e5ea788-ca48-5084-87e2-05b2270b67d8,5.0
smee.sailor@accenture.com,82449b75-2ec9-5c9c-b98f-5873396fa900,5.0
smee.sailor@accenture.com,bcec7358-7563-55d5-9cac-3b0366a371d0,5.0
smee.sailor@accenture.com,cad9985f-a639-535b-bba4-8e36f52a1d3f,5.0
smee.sailor@accenture.com,f413cca2-4f3d-5037-adb2-2c66d385a760,5.0
smee.sailor@salesforce.com,06316b2f-e07f-5229-a6cb-f4a570ee4233,5.0
smee.sailor@salesforce.com,295dff96-fe7b-5594-a557-cfe3e05a1025,5.0
smee.sailor@salesforce.com,346fee5e-a1fe-5bff-a1d0-d4ca20ad3a57,5.0
smee.sailor@salesforce.com,43c20e5b-5bf2-5096-b183-77f5d3d599e1,2.5
smee.sailor@salesforce.com,4796358f-bc27-5feb-a49c-ca6428bfffcc,5.0
smee.sailor@salesforce.com,489e77d4-f469-5a69-b5e2-4266ed8c8ac1,5.0
smee.sailor@salesforce.com,49434040-4b5c-5765-88c5-f8cb246fc876,5.0
smee.sailor@salesforce.com,54329830-a177-562c-80fc-3879bed9dfaa,5.0
smee.sailor@salesforce.com,6e5ea788-ca48-5084-87e2-05b2270b67d8,5.0
smee.sailor@salesforce.com,82449b75-2ec9-5c9c-b98f-5873396fa900,5.0
smee.sailor@salesforce.com,bcec7358-7563-55d5-9cac-3b0366a371d0,5.0
smee.sailor@salesforce.com,cad9985f-a639-535b-bba4-8e36f52a1d3f,5.0
smee.sailor@salesforce.com,f413cca2-4f3d-5037-adb2-2c66d385a760,5.0
snow.white@guild.com,06316b2f-e07f-5229-a6cb-f4a570ee4233,2.5
snow.white@guild.com,295dff96-fe7b-5594-a557-cfe3e05a1025,5.0
snow.white@guild.com,346fee5e-a1fe-5bff-a1d0-d4ca20ad3a57,5.0
snow.white@guild.com,43c20e5b-5bf2-5096-b183-77f5d3d599e1,5.0
snow.white@guild.com,4796358f-bc27-5feb-a49c-ca6428bfffcc,5.0
snow.white@guild.com,489e77d4-f469-5a69-b5e2-4266ed8c8ac1,5.0
snow.white@guild.com,49434040-4b5c-5765-88c5-f8cb246fc876,5.0
snow.white@guild.com,54329830-a177-562c-80fc-3879bed9dfaa,5.0
snow.white@guild.com,6e5ea788-ca48-5084-87e2-05b2270b67d8,5.0
snow.white@guild.com,82449b75-2ec9-5c9c-b98f-5873396fa900,2.5
snow.white@guild.com,bcec7358-7563-55d5-9cac-3b0366a371d0,5.0
snow.white@guild.com,cad9985f-a639-535b-bba4-8e36f52a1d3f,5.0
snow.white@guild.com,f413cca2-4f3d-5037-adb2-2c66d385a760,2.5
snow.white@ima.com,06316b2f-e07f-5229-a6cb-f4a570ee4233,5.0
snow.white@ima.com,295dff96-fe7b-5594-a557-cfe3e05a1025,5.0
snow.white@ima.com,346fee5e-a1fe-5bff-a1d0-d4ca20ad3a57,5.0
snow.white@ima.com,43c20e5b-5bf2-5096-b183-77f5d3d599e1,0.0
snow.white@ima.com,4796358f-bc27-5feb-a49c-ca6428bfffcc,5.0
snow.white@ima.com,489e77d4-f469-5a69-b5e2-4266ed8c8ac1,2.5
snow.white@ima.com,49434040-4b5c-5765-88c5-f8cb246fc876,5.0
snow.white@ima.com,54329830-a177-562c-80fc-3879bed9dfaa,5.0
snow.white@ima.com,6e5ea788-ca48-5084-87e2-05b2270b67d8,5.0
snow.white@ima.com,82449b75-2ec9-5c9c-b98f-5873396fa900,0.0
snow.white@ima.com,bcec7358-7563-55d5-9cac-3b0366a371d0,5.0
snow.white@ima.com,cad9985f-a639-535b-bba4-8e36f52a1d3f,5.0
snow.white@ima.com,f413cca2-4f3d-5037-adb2-2c66d385a760,0.0
sven.reindeer@accenture.com,06316b2f-e07f-5229-a6cb-f4a570ee4233,0.0
sven.reindeer@accenture.com,295dff96-fe7b-5594-a557-cfe3e05a1025,5.0
sven.reindeer@accenture.com,346fee5e-a1fe-5bff-a1d0-d4ca20ad3a57,5.0
sven.reindeer@accenture.com,43c20e5b-5bf2-5096-b183-77f5d3d599e1,2.5
sven.reindeer@accenture.com,4796358f-bc27-5feb-a49c-ca6428bfffcc,5.0
sven.reindeer@accenture.com,489e77d4-f469-5a69-b5e2-4266ed8c8ac1,5.0
sven.reindeer@accenture.com,49434040-4b5c-5765-88c5-f8cb246fc876,2.5
sven.reindeer@accenture.com,54329830-a177-562c-80fc-3879bed9dfaa,0.0
sven.reindeer@accenture.com,6e5ea788-ca48-5084-87e2-05b2270b67d8,2.5
sven.reindeer@accenture.com,82449b75-2ec9-5c9c-b98f-5873396fa900,5.0
sven.reindeer@accenture.com,bcec7358-7563-55d5-9cac-3b0366a371d0,5.0
sven.reindeer@accenture.com,cad9985f-a639-535b-bba4-8e36f52a1d3f,5.0
sven.reindeer@accenture.com,f413cca2-4f3d-5037-adb2-2c66d385a760,5.0
sven.reindeer@guild.com,06316b2f-e07f-5229-a6cb-f4a570ee4233,5.0
sven.reindeer@guild.com,295dff96-fe7b-5594-a557-cfe3e05a1025,2.5
sven.reindeer@guild.com,346fee5e-a1fe-5bff-a1d0-d4ca20ad3a57,5.0
sven.reindeer@guild.com,43c20e5b-5bf2-5096-b183-77f5d3d599e1,5.0
sven.reindeer@guild.com,4796358f-bc27-5feb-a49c-ca6428bfffcc,2.5
sven.reindeer@guild.com,489e77d4-f469-5a69-b5e2-4266ed8c8ac1,5.0
sven.reindeer@guild.com,49434040-4b5c-5765-88c5-f8cb246fc876,5.0
sven.reindeer@guild.com,54329830-a177-562c-80fc-3879bed9dfaa,5.0
sven.reindeer@guild.com,6e5ea788-ca48-5084-87e2-05b2270b67d8,5.0
sven.reindeer@guild.com,82449b75-2ec9-5c9c-b98f-5873396fa900,2.5
sven.reindeer@guild.com,bcec7358-7563-55d5-9cac-3b0366a371d0,5.0
sven.reindeer@guild.com,cad9985f-a639-535b-bba4-8e36f52a1d3f,5.0
sven.reindeer@guild.com,f413cca2-4f3d-5037-adb2-2c66d385a760,2.5
tiana.bayou@jfg.com,06316b2f-e07f-5229-a6cb-f4a570ee4233,2.5
tiana.bayou@jfg.com,295dff96-fe7b-5594-a557-cfe3e05a1025,5.0
tiana.bayou@jfg.com,346fee5e-a1fe-5bff-a1d0-d4ca20ad3a57,5.0
tiana.bayou@jfg.com,43c20e5b-5bf2-5096-b183-77f5d3d599e1,5.0
tiana.bayou@jfg.com,4796358f-bc27-5feb-a49c-ca6428bfffcc,5.0
tiana.bayou@jfg.com,489e77d4-f469-5a69-b5e2-4266ed8c8ac1,5.0
tiana.bayou@jfg.com,49434040-4b5c-5765-88c5-f8cb246fc876,5.0
tiana.bayou@jfg.com,54329830-a177-562c-80fc-3879bed9dfaa,5.0
tiana.bayou@jfg.com,6e5ea788-ca48-5084-87e2-05b2270b67d8,5.0
tiana.bayou@jfg.com,82449b75-2ec9-5c9c-b98f-5873396fa900,5.0
tiana.bayou@jfg.com,bcec7358-7563-55d5-9cac-3b0366a371d0,5.0
tiana.bayou@jfg.com,cad9985f-a639-535b-bba4-8e36f52a1d3f,5.0
tiana.bayou@jfg.com,f413cca2-4f3d-5037-adb2-2c66d385a760,5.0
timon.meerkat@davita.com,06316b2f-e07f-5229-a6cb-f4a570ee4233,5.0
timon.meerkat@davita.com,295dff96-fe7b-5594-a557-cfe3e05a1025,5.0
timon.meerkat@davita.com,346fee5e-a1fe-5bff-a1d0-d4ca20ad3a57,2.5
timon.meerkat@davita.com,43c20e5b-5bf2-5096-b183-77f5d3d599e1,5.0
timon.meerkat@davita.com,4796358f-bc27-5feb-a49c-ca6428bfffcc,5.0
timon.meerkat@davita.com,489e77d4-f469-5a69-b5e2-4266ed8c8ac1,5.0
timon.meerkat@davita.com,49434040-4b5c-5765-88c5-f8cb246fc876,5.0
timon.meerkat@davita.com,54329830-a177-562c-80fc-3879bed9dfaa,5.0
timon.meerkat@davita.com,6e5ea788-ca48-5084-87e2-05b2270b67d8,5.0
timon.meerkat@davita.com,82449b75-2ec9-5c9c-b98f-5873396fa900,5.0
timon.meerkat@davita.com,bcec7358-7563-55d5-9cac-3b0366a371d0,2.5
timon.meerkat@davita.com,cad9985f-a639-535b-bba4-8e36f52a1d3f,5.0
timon.meerkat@davita.com,f413cca2-4f3d-5037-adb2-2c66d385a760,5.0
tinker.bell@aws.com,06316b2f-e07f-5229-a6cb-f4a570ee4233,5.0
tinker.bell@aws.com,295dff96-fe7b-5594-a557-cfe3e05a1025,5.0
tinker.bell@aws.com,346fee5e-a1fe-5bff-a1d0-d4ca20ad3a57,5.0
tinker.bell@aws.com,43c20e5b-5bf2-5096-b183-77f5d3d599e1,5.0
tinker.bell@aws.com,4796358f-bc27-5feb-a49c-ca6428bfffcc,5.0
tinker.bell@aws.com,489e77d4-f469-5a69-b5e2-4266ed8c8ac1,5.0
tinker.bell@aws.com,49434040-4b5c-5765-88c5-f8cb246fc876,5.0
tinker.bell@aws.com,54329830-a177-562c-80fc-3879bed9dfaa,2.5
tinker.bell@aws.com,6e5ea788-ca48-5084-87e2-05b2270b67d8,5.0
tinker.bell@aws.com,82449b75-2ec9-5c9c-b98f-5873396fa900,5.0
tinker.bell@aws.com,bcec7358-7563-55d5-9cac-3b0366a371d0,5.0
tinker.bell@aws.com,cad9985f-a639-535b-bba4-8e36f52a1d3f,5.0
tinker.bell@aws.com,f413cca2-4f3d-5037-adb2-2c66d385a760,5.0
wendy.darling@accenture.com,06316b2f-e07f-5229-a6cb-f4a570ee4233,5.0
wendy.darling@accenture.com,295dff96-fe7b-5594-a557-cfe3e05a1025,5.0
wendy.darling@accenture.com,346fee5e-a1fe-5bff-a1d0-d4ca20ad3a57,5.0
wendy.darling@accenture.com,43c20e5b-5bf2-5096-b183-77f5d3d599e1,5.0
wendy.darling@accenture.com,4796358f-bc27-5feb-a49c-ca6428bfffcc,5.0
wendy.darling@accenture.com,489e77d4-f469-5a69-b5e2-4266ed8c8ac1,5.0
wendy.darling@accenture.com,49434040-4b5c-5765-88c5-f8cb246fc876,2.5
wendy.darling@accenture.com,54329830-a177-562c-80fc-3879bed9dfaa,5.0
wendy.darling@accenture.com,6e5ea788-ca48-5084-87e2-05b2270b67d8,2.5
wendy.darling@accenture.com,82449b75-2ec9-5c9c-b98f-5873396fa900,2.5
wendy.darling@accenture.com,bcec7358-7563-55d5-9cac-3b0366a371d0,5.0
wendy.darling@accenture.com,cad9985f-a639-535b-bba4-8e36f52a1d3f,5.0
wendy.darling@accenture.com,f413cca2-4f3d-5037-adb2-2c66d385a760,2.5
wendy.darling@aws.com,06316b2f-e07f-5229-a6cb-f4a570ee4233,5.0
wendy.darling@aws.com,295dff96-fe7b-5594-a557-cfe3e05a1025,5.0
wendy.darling@aws.com,346fee5e-a1fe-5bff-a1d0-d4ca20ad3a57,5.0
wendy.darling@aws.com,43c20e5b-5bf2-5096-b183-77f5d3d599e1,5.0
wendy.darling@aws.com,4796358f-bc27-5feb-a49c-ca6428bfffcc,5.0
wendy.darling@aws.com,489e77d4-f469-5a69-b5e2-4266ed8c8ac1,5.0
wendy.darling@aws.com,49434040-4b5c-5765-88c5-f8cb246fc876,5.0
wendy.darling@aws.com,54329830-a177-562c-80fc-3879bed9dfaa,5.0
wendy.darling@aws.com,6e5ea788-ca48-5084-87e2-05b2270b67d8,5.0
wendy.darling@aws.com,82449b75-2ec9-5c9c-b98f-5873396fa900,5.0
wendy.darling@aws.com,bcec7358-7563-55d5-9cac-3b0366a371d0,5.0
wendy.darling@aws.com,cad9985f-a639-535b-bba4-8e36f52a1d3f,5.0
wendy.darling@aws.com,f413cca2-4f3d-5037-adb2-2c66d385a760,5.0
woody.pride@accenture.com,06316b2f-e07f-5229-a6cb-f4a570ee4233,5.0
woody.pride@accenture.com,295dff96-fe7b-5594-a557-cfe3e05a1025,5.0
woody.pride@accenture.com,346fee5e-a1fe-5bff-a1d0-d4ca20ad3a57,5.0
woody.pride@accenture.com,43c20e5b-5bf2-5096-b183-77f5d3d599e1,5.0
woody.pride@accenture.com,4796358f-bc27-5feb-a49c-ca6428bfffcc,5.0
woody.pride@accenture.com,489e77d4-f469-5a69-b5e2-4266ed8c8ac1,5.0
woody.pride@accenture.com,49434040-4b5c-5765-88c5-f8cb246fc876,5.0
woody.pride@accenture.com,54329830-a177-562c-80fc-3879bed9dfaa,5.0
woody.pride@accenture.com,6e5ea788-ca48-5084-87e2-05b2270b67d8,5.0
woody.pride@accenture.com,82449b75-2ec9-5c9c-b98f-5873396fa900,5.0
woody.pride@accenture.com,bcec7358-7563-55d5-9cac-3b0366a371d0,5.0
woody.pride@accenture.com,cad9985f-a639-535b-bba4-8e36f52a1d3f,5.0
woody.pride@accenture.com,f413cca2-4f3d-5037-adb2-2c66d385a760,5.0
